no,category,product_name,roast_level,grind_type,size,reference_image,online_image_url,product_page_url,new_image_filename,status,designer_notes
,── Premium (82 designs) ──,,,,,,,,,,
1,Premium,100% Pure Jamaican Blue Mountain,Light Roast,Ground,1lb Bag,reference-images/100-JAMAICAN-BLUE.jpg,https://s3-us-west-1.amazonaws.com/jeremiahspick/wp-media-folder-media/wp-content/uploads/2018/11/100-JAMAICAN-BLUE.jpg,https://jeremiahspick.com/product/100-jamaican-blue-mountain/,,,
2,Premium,100% Pure Jamaican Blue Mountain,Light Roast,Whole Bean,1lb Bag,reference-images/100-JAMAICAN-BLUE-WHOLE.jpg,https://s3-us-west-1.amazonaws.com/jeremiahspick/wp-media-folder-media/wp-content/uploads/2018/11/100-JAMAICAN-BLUE-WHOLE.jpg,https://jeremiahspick.com/product/100-jamaican-blue-mountain/,,,
3,Premium,100% Pure Kona,Light Roast,Ground,1lb Bag,reference-images/100-HAWAIIAN-KONA.jpg,https://s3-us-west-1.amazonaws.com/jeremiahspick/wp-media-folder-media/wp-content/uploads/2018/11/100-HAWAIIAN-KONA.jpg,https://jeremiahspick.com/product/100-pure-kona/,,,
4,Premium,100% Pure Kona,Light Roast,Whole Bean,1lb Bag,reference-images/100-HAWAIIAN-KONA-WHOLE.jpg,https://s3-us-west-1.amazonaws.com/jeremiahspick/wp-media-folder-media/wp-content/uploads/2018/11/100-HAWAIIAN-KONA-WHOLE.jpg,https://jeremiahspick.com/product/100-pure-kona/,,,
5,Premium,Breakfast Blend,Dark Roast,Ground,10oz Bag,reference-images/10-oz-Premium-Ground-Breakfast-Blend.jpg,https://s3-us-west-1.amazonaws.com/jeremiahspick/wp-media-folder-media/wp-content/uploads/2021/09/10-oz-Premium-Ground-Breakfast-Blend.jpg,https://jeremiahspick.com/product/breakfast-blend/,,,
6,Premium,Breakfast Blend,Dark Roast,Ground,1lb Bag,reference-images/1-lb-Premium-Breakfast-Blend.jpg,https://s3-us-west-1.amazonaws.com/jeremiahspick/wp-media-folder-media/wp-content/uploads/2021/09/1-lb-Premium-Breakfast-Blend.jpg,https://jeremiahspick.com/product/breakfast-blend/,,,
7,Premium,Breakfast Blend,Dark Roast,Ground,5lb Bag,reference-images/5-lb-blue-orange-bags.jpg,https://s3-us-west-1.amazonaws.com/jeremiahspick/wp-media-folder-media/wp-content/uploads/2021/09/5-lb-blue-orange-bags.jpg,https://jeremiahspick.com/product/breakfast-blend/,,,
8,Premium,Breakfast Blend,Dark Roast,Whole Bean,10oz Bag,reference-images/10-oz-Premium-Whole-Bean-Breakfast-Blend.jpg,https://s3-us-west-1.amazonaws.com/jeremiahspick/wp-media-folder-media/wp-content/uploads/2021/09/10-oz-Premium-Whole-Bean-Breakfast-Blend.jpg,https://jeremiahspick.com/product/breakfast-blend/,,,
9,Premium,Breakfast Blend,Dark Roast,Whole Bean,1lb Bag,reference-images/1-lb-Premium-Breakfast-Blend.jpg,https://s3-us-west-1.amazonaws.com/jeremiahspick/wp-media-folder-media/wp-content/uploads/2021/09/1-lb-Premium-Breakfast-Blend.jpg,https://jeremiahspick.com/product/breakfast-blend/,,,
10,Premium,Breakfast Blend,Dark Roast,Whole Bean,5lb Bag,reference-images/5-lb-blue-orange-bags.jpg,https://s3-us-west-1.amazonaws.com/jeremiahspick/wp-media-folder-media/wp-content/uploads/2021/09/5-lb-blue-orange-bags.jpg,https://jeremiahspick.com/product/breakfast-blend/,,,
11,Premium,Chocatal,Medium Roast,Ground,10oz Bag,reference-images/10-oz-Premium-Ground-Chocotal.jpg,https://s3-us-west-1.amazonaws.com/jeremiahspick/wp-media-folder-media/wp-content/uploads/2021/09/10-oz-Premium-Ground-Chocotal.jpg,https://jeremiahspick.com/product/chocatal/,,,
12,Premium,Chocatal,Medium Roast,Ground,1lb Bag,reference-images/1-lb-Premium-Chocatal.jpg,https://s3-us-west-1.amazonaws.com/jeremiahspick/wp-media-folder-media/wp-content/uploads/2021/09/1-lb-Premium-Chocatal.jpg,https://jeremiahspick.com/product/chocatal/,,,
13,Premium,Chocatal,Medium Roast,Ground,5lb Bag,reference-images/5-lb-blue-orange-bags.jpg,https://s3-us-west-1.amazonaws.com/jeremiahspick/wp-media-folder-media/wp-content/uploads/2021/09/5-lb-blue-orange-bags.jpg,https://jeremiahspick.com/product/chocatal/,,,
14,Premium,Colombia Supremo,Light Roast,Ground,10oz Bag,reference-images/10-oz-Premium-Ground-Columbia-Supremo.jpg,https://s3-us-west-1.amazonaws.com/jeremiahspick/wp-media-folder-media/wp-content/uploads/2021/09/10-oz-Premium-Ground-Columbia-Supremo.jpg,https://jeremiahspick.com/product/colombia-supremo/,,,
15,Premium,Colombia Supremo,Light Roast,Ground,1lb Bag,reference-images/1-lb-Premium-Colombia-Blend.jpg,https://s3-us-west-1.amazonaws.com/jeremiahspick/wp-media-folder-media/wp-content/uploads/2021/09/1-lb-Premium-Colombia-Blend.jpg,https://jeremiahspick.com/product/colombia-supremo/,,,
16,Premium,Colombia Supremo,Light Roast,Ground,5lb Bag,reference-images/5-lb-blue-orange-bags.jpg,https://s3-us-west-1.amazonaws.com/jeremiahspick/wp-media-folder-media/wp-content/uploads/2021/09/5-lb-blue-orange-bags.jpg,https://jeremiahspick.com/product/colombia-supremo/,,,
17,Premium,Colombia Supremo,Light Roast,Whole Bean,10oz Bag,reference-images/10-oz-Premium-Whole-Bean-Columbia-Supremo.jpg,https://s3-us-west-1.amazonaws.com/jeremiahspick/wp-media-folder-media/wp-content/uploads/2021/09/10-oz-Premium-Whole-Bean-Columbia-Supremo.jpg,https://jeremiahspick.com/product/colombia-supremo/,,,
18,Premium,Colombia Supremo,Light Roast,Whole Bean,1lb Bag,reference-images/1-lb-Premium-Colombia-Blend.jpg,https://s3-us-west-1.amazonaws.com/jeremiahspick/wp-media-folder-media/wp-content/uploads/2021/09/1-lb-Premium-Colombia-Blend.jpg,https://jeremiahspick.com/product/colombia-supremo/,,,
19,Premium,Colombia Supremo,Light Roast,Whole Bean,5lb Bag,reference-images/5-lb-blue-orange-bags.jpg,https://s3-us-west-1.amazonaws.com/jeremiahspick/wp-media-folder-media/wp-content/uploads/2021/09/5-lb-blue-orange-bags.jpg,https://jeremiahspick.com/product/colombia-supremo/,,,
20,Premium,Espresso,Medium Roast,Ground,10oz Bag,reference-images/10-oz-Premium-Ground-Espresso.jpg,https://s3-us-west-1.amazonaws.com/jeremiahspick/wp-media-folder-media/wp-content/uploads/2021/09/10-oz-Premium-Ground-Espresso.jpg,https://jeremiahspick.com/product/espresso/,,,
21,Premium,Espresso,Medium Roast,Ground,1lb Bag,reference-images/1-lb-Premium-Espresso.jpg,https://s3-us-west-1.amazonaws.com/jeremiahspick/wp-media-folder-media/wp-content/uploads/2021/09/1-lb-Premium-Espresso.jpg,https://jeremiahspick.com/product/espresso/,,,
22,Premium,Espresso,Medium Roast,Ground,5lb Bag,reference-images/5-lb-blue-orange-bags.jpg,https://s3-us-west-1.amazonaws.com/jeremiahspick/wp-media-folder-media/wp-content/uploads/2021/09/5-lb-blue-orange-bags.jpg,https://jeremiahspick.com/product/espresso/,,,
23,Premium,Espresso,Medium Roast,Whole Bean,10oz Bag,reference-images/10-oz-Premium-Whole-Bean-Espresso.jpg,https://s3-us-west-1.amazonaws.com/jeremiahspick/wp-media-folder-media/wp-content/uploads/2021/09/10-oz-Premium-Whole-Bean-Espresso.jpg,https://jeremiahspick.com/product/espresso/,,,
24,Premium,Espresso,Medium Roast,Whole Bean,1lb Bag,reference-images/1-lb-Premium-Espresso.jpg,https://s3-us-west-1.amazonaws.com/jeremiahspick/wp-media-folder-media/wp-content/uploads/2021/09/1-lb-Premium-Espresso.jpg,https://jeremiahspick.com/product/espresso/,,,
25,Premium,Espresso,Medium Roast,Whole Bean,5lb Bag,reference-images/5-lb-blue-orange-bags.jpg,https://s3-us-west-1.amazonaws.com/jeremiahspick/wp-media-folder-media/wp-content/uploads/2021/09/5-lb-blue-orange-bags.jpg,https://jeremiahspick.com/product/espresso/,,,
26,Premium,Ethiopia Utopia,Medium Roast,Ground,10oz Bag,reference-images/10-oz-Single-Origin-Ground-Ethiopia-Utopia.jpg,https://s3-us-west-1.amazonaws.com/jeremiahspick/wp-media-folder-media/wp-content/uploads/2021/09/10-oz-Single-Origin-Ground-Ethiopia-Utopia.jpg,https://jeremiahspick.com/product/ethiopia-utopia/,,,
27,Premium,Ethiopia Utopia,Medium Roast,Ground,1lb Bag,reference-images/1-lb-Ethiopia-Utopia.jpg,https://s3-us-west-1.amazonaws.com/jeremiahspick/wp-media-folder-media/wp-content/uploads/2021/09/1-lb-Ethiopia-Utopia.jpg,https://jeremiahspick.com/product/ethiopia-utopia/,,,
28,Premium,Ethiopia Utopia,Medium Roast,Ground,5lb Bag,reference-images/5-lb-blue-orange-bags.jpg,https://s3-us-west-1.amazonaws.com/jeremiahspick/wp-media-folder-media/wp-content/uploads/2021/09/5-lb-blue-orange-bags.jpg,https://jeremiahspick.com/product/ethiopia-utopia/,,,
29,Premium,Ethiopia Utopia,Medium Roast,Whole Bean,10oz Bag,reference-images/10-oz-Premium-Whole-Bean-Single-Origin-Ethiopia-Utopia.jpg,https://s3-us-west-1.amazonaws.com/jeremiahspick/wp-media-folder-media/wp-content/uploads/2021/09/10-oz-Premium-Whole-Bean-Single-Origin-Ethiopia-Utopia.jpg,https://jeremiahspick.com/product/ethiopia-utopia/,,,
30,Premium,Ethiopia Utopia,Medium Roast,Whole Bean,1lb Bag,reference-images/1-lb-Ethiopia-Utopia.jpg,https://s3-us-west-1.amazonaws.com/jeremiahspick/wp-media-folder-media/wp-content/uploads/2021/09/1-lb-Ethiopia-Utopia.jpg,https://jeremiahspick.com/product/ethiopia-utopia/,,,
31,Premium,Ethiopia Utopia,Medium Roast,Whole Bean,5lb Bag,reference-images/5-lb-blue-orange-bags.jpg,https://s3-us-west-1.amazonaws.com/jeremiahspick/wp-media-folder-media/wp-content/uploads/2021/09/5-lb-blue-orange-bags.jpg,https://jeremiahspick.com/product/ethiopia-utopia/,,,
32,Premium,French Roast,Dark Roast,Ground,10oz Bag,reference-images/10-oz-Premium-Ground-French-Roast-Premium.jpg,https://s3-us-west-1.amazonaws.com/jeremiahspick/wp-media-folder-media/wp-content/uploads/2021/09/10-oz-Premium-Ground-French-Roast-Premium.jpg,https://jeremiahspick.com/product/french-roast/,,,
33,Premium,French Roast,Dark Roast,Ground,1lb Bag,reference-images/1-lb-Premium-French-Roast.jpg,https://s3-us-west-1.amazonaws.com/jeremiahspick/wp-media-folder-media/wp-content/uploads/2021/09/1-lb-Premium-French-Roast.jpg,https://jeremiahspick.com/product/french-roast/,,,
34,Premium,French Roast,Dark Roast,Ground,5lb Bag,reference-images/5-lb-blue-orange-bags.jpg,https://s3-us-west-1.amazonaws.com/jeremiahspick/wp-media-folder-media/wp-content/uploads/2021/09/5-lb-blue-orange-bags.jpg,https://jeremiahspick.com/product/french-roast/,,,
35,Premium,French Roast,Dark Roast,Whole Bean,10oz Bag,reference-images/10-oz-Premium-Whole-Bean-French-Roast-Premium.jpg,https://s3-us-west-1.amazonaws.com/jeremiahspick/wp-media-folder-media/wp-content/uploads/2021/09/10-oz-Premium-Whole-Bean-French-Roast-Premium.jpg,https://jeremiahspick.com/product/french-roast/,,,
36,Premium,French Roast,Dark Roast,Whole Bean,1lb Bag,reference-images/1-lb-Premium-French-Roast.jpg,https://s3-us-west-1.amazonaws.com/jeremiahspick/wp-media-folder-media/wp-content/uploads/2021/09/1-lb-Premium-French-Roast.jpg,https://jeremiahspick.com/product/french-roast/,,,
37,Premium,French Roast,Dark Roast,Whole Bean,5lb Bag,reference-images/5-lb-blue-orange-bags.jpg,https://s3-us-west-1.amazonaws.com/jeremiahspick/wp-media-folder-media/wp-content/uploads/2021/09/5-lb-blue-orange-bags.jpg,https://jeremiahspick.com/product/french-roast/,,,
38,Premium,Guatemala,Dark Roast,Ground,10oz Bag,reference-images/10-oz-Single-Origin-Ground-Guatemala-Oriente.jpg,https://s3-us-west-1.amazonaws.com/jeremiahspick/wp-media-folder-media/wp-content/uploads/2021/09/10-oz-Single-Origin-Ground-Guatemala-Oriente.jpg,https://jeremiahspick.com/product/guatemala/,,,
39,Premium,Guatemala,Dark Roast,Ground,1lb Bag,reference-images/1-lb-Premium-Guatemala-Oriente.jpg,https://s3-us-west-1.amazonaws.com/jeremiahspick/wp-media-folder-media/wp-content/uploads/2021/09/1-lb-Premium-Guatemala-Oriente.jpg,https://jeremiahspick.com/product/guatemala/,,,
40,Premium,Guatemala,Dark Roast,Ground,5lb Bag,reference-images/5-lb-blue-orange-bags.jpg,https://s3-us-west-1.amazonaws.com/jeremiahspick/wp-media-folder-media/wp-content/uploads/2021/09/5-lb-blue-orange-bags.jpg,https://jeremiahspick.com/product/guatemala/,,,
41,Premium,Guatemala,Dark Roast,Whole Bean,10oz Bag,reference-images/10-oz-Premium-Whole-Bean-Single-Origin-Guatemala-Oriente.jpg,https://s3-us-west-1.amazonaws.com/jeremiahspick/wp-media-folder-media/wp-content/uploads/2021/09/10-oz-Premium-Whole-Bean-Single-Origin-Guatemala-Oriente.jpg,https://jeremiahspick.com/product/guatemala/,,,
42,Premium,Guatemala,Dark Roast,Whole Bean,1lb Bag,reference-images/1-lb-Premium-Guatemala-Oriente.jpg,https://s3-us-west-1.amazonaws.com/jeremiahspick/wp-media-folder-media/wp-content/uploads/2021/09/1-lb-Premium-Guatemala-Oriente.jpg,https://jeremiahspick.com/product/guatemala/,,,
43,Premium,Guatemala,Dark Roast,Whole Bean,5lb Bag,reference-images/5-lb-blue-orange-bags.jpg,https://s3-us-west-1.amazonaws.com/jeremiahspick/wp-media-folder-media/wp-content/uploads/2021/09/5-lb-blue-orange-bags.jpg,https://jeremiahspick.com/product/guatemala/,,,
44,Premium,Italian Roast,Dark Roast,Ground,10oz Bag,reference-images/10-oz-Premium-Ground-Italian-Roast.jpg,https://s3-us-west-1.amazonaws.com/jeremiahspick/wp-media-folder-media/wp-content/uploads/2021/09/10-oz-Premium-Ground-Italian-Roast.jpg,https://jeremiahspick.com/product/italian-roast/,,,
45,Premium,Italian Roast,Dark Roast,Ground,1lb Bag,reference-images/1-lb-Premium-Dark-Italian.jpg,https://s3-us-west-1.amazonaws.com/jeremiahspick/wp-media-folder-media/wp-content/uploads/2021/09/1-lb-Premium-Dark-Italian.jpg,https://jeremiahspick.com/product/italian-roast/,,,
46,Premium,Italian Roast,Dark Roast,Ground,5lb Bag,reference-images/5-lb-blue-orange-bags.jpg,https://s3-us-west-1.amazonaws.com/jeremiahspick/wp-media-folder-media/wp-content/uploads/2021/09/5-lb-blue-orange-bags.jpg,https://jeremiahspick.com/product/italian-roast/,,,
47,Premium,Italian Roast,Dark Roast,Whole Bean,10oz Bag,reference-images/10-oz-Premium-Whole-Bean-Italian-Roast.jpg,https://s3-us-west-1.amazonaws.com/jeremiahspick/wp-media-folder-media/wp-content/uploads/2021/09/10-oz-Premium-Whole-Bean-Italian-Roast.jpg,https://jeremiahspick.com/product/italian-roast/,,,
48,Premium,Italian Roast,Dark Roast,Whole Bean,1lb Bag,reference-images/1-lb-Premium-Dark-Italian.jpg,https://s3-us-west-1.amazonaws.com/jeremiahspick/wp-media-folder-media/wp-content/uploads/2021/09/1-lb-Premium-Dark-Italian.jpg,https://jeremiahspick.com/product/italian-roast/,,,
49,Premium,Italian Roast,Dark Roast,Whole Bean,5lb Bag,reference-images/5-lb-blue-orange-bags.jpg,https://s3-us-west-1.amazonaws.com/jeremiahspick/wp-media-folder-media/wp-content/uploads/2021/09/5-lb-blue-orange-bags.jpg,https://jeremiahspick.com/product/italian-roast/,,,
50,Premium,Jamaican Blue Mountain,Light Roast,Ground,10oz Bag,reference-images/10-oz-Premium-Ground-Jamaican-Blue-Mountain-Blend.jpg,https://s3-us-west-1.amazonaws.com/jeremiahspick/wp-media-folder-media/wp-content/uploads/2021/09/10-oz-Premium-Ground-Jamaican-Blue-Mountain-Blend.jpg,https://jeremiahspick.com/product/jamaican-blue-mountain/,,,
51,Premium,Jamaican Blue Mountain,Light Roast,Ground,1lb Bag,reference-images/1-lb-Premium-Jamaican-Blue-Mountain-Blend.jpg,https://s3-us-west-1.amazonaws.com/jeremiahspick/wp-media-folder-media/wp-content/uploads/2021/09/1-lb-Premium-Jamaican-Blue-Mountain-Blend.jpg,https://jeremiahspick.com/product/jamaican-blue-mountain/,,,
52,Premium,Jamaican Blue Mountain,Light Roast,Ground,5lb Bag,reference-images/5-lb-blue-orange-bags.jpg,https://s3-us-west-1.amazonaws.com/jeremiahspick/wp-media-folder-media/wp-content/uploads/2021/09/5-lb-blue-orange-bags.jpg,https://jeremiahspick.com/product/jamaican-blue-mountain/,,,
53,Premium,Jamaican Blue Mountain,Light Roast,Whole Bean,10oz Bag,reference-images/10-oz-Premium-Whole-Bean-Jamaican-Blue-Mountain-Blend.jpg,https://s3-us-west-1.amazonaws.com/jeremiahspick/wp-media-folder-media/wp-content/uploads/2021/09/10-oz-Premium-Whole-Bean-Jamaican-Blue-Mountain-Blend.jpg,https://jeremiahspick.com/product/jamaican-blue-mountain/,,,
54,Premium,Jamaican Blue Mountain,Light Roast,Whole Bean,1lb Bag,reference-images/1-lb-Premium-Jamaican-Blue-Mountain-Blend.jpg,https://s3-us-west-1.amazonaws.com/jeremiahspick/wp-media-folder-media/wp-content/uploads/2021/09/1-lb-Premium-Jamaican-Blue-Mountain-Blend.jpg,https://jeremiahspick.com/product/jamaican-blue-mountain/,,,
55,Premium,Jamaican Blue Mountain,Light Roast,Whole Bean,5lb Bag,reference-images/5-lb-blue-orange-bags.jpg,https://s3-us-west-1.amazonaws.com/jeremiahspick/wp-media-folder-media/wp-content/uploads/2021/09/5-lb-blue-orange-bags.jpg,https://jeremiahspick.com/product/jamaican-blue-mountain/,,,
56,Premium,Kona Blend,Light Roast,Ground,10oz Bag,reference-images/10-oz-Premium-Ground-Kona-Blend.jpg,https://s3-us-west-1.amazonaws.com/jeremiahspick/wp-media-folder-media/wp-content/uploads/2021/09/10-oz-Premium-Ground-Kona-Blend.jpg,https://jeremiahspick.com/product/kona-blend/,,,
57,Premium,Kona Blend,Light Roast,Ground,1lb Bag,reference-images/1-lb-Premium-Kona-Blend.jpg,https://s3-us-west-1.amazonaws.com/jeremiahspick/wp-media-folder-media/wp-content/uploads/2021/09/1-lb-Premium-Kona-Blend.jpg,https://jeremiahspick.com/product/kona-blend/,,,
58,Premium,Kona Blend,Light Roast,Ground,5lb Bag,reference-images/5-lb-blue-orange-bags.jpg,https://s3-us-west-1.amazonaws.com/jeremiahspick/wp-media-folder-media/wp-content/uploads/2021/09/5-lb-blue-orange-bags.jpg,https://jeremiahspick.com/product/kona-blend/,,,
59,Premium,Kona Blend,Light Roast,Whole Bean,10oz Bag,reference-images/10-oz-Premium-Whole-Bean-Kona-Blend.jpg,https://s3-us-west-1.amazonaws.com/jeremiahspick/wp-media-folder-media/wp-content/uploads/2021/09/10-oz-Premium-Whole-Bean-Kona-Blend.jpg,https://jeremiahspick.com/product/kona-blend/,,,
60,Premium,Kona Blend,Light Roast,Whole Bean,1lb Bag,reference-images/1-lb-Premium-Kona-Blend.jpg,https://s3-us-west-1.amazonaws.com/jeremiahspick/wp-media-folder-media/wp-content/uploads/2021/09/1-lb-Premium-Kona-Blend.jpg,https://jeremiahspick.com/product/kona-blend/,,,
61,Premium,Kona Blend,Light Roast,Whole Bean,5lb Bag,reference-images/5-lb-blue-orange-bags.jpg,https://s3-us-west-1.amazonaws.com/jeremiahspick/wp-media-folder-media/wp-content/uploads/2021/09/5-lb-blue-orange-bags.jpg,https://jeremiahspick.com/product/kona-blend/,,,
62,Premium,Mocha Java,Medium Roast,Ground,10oz Bag,reference-images/10-oz-Premium-Ground-Mocha-Java.jpg,https://s3-us-west-1.amazonaws.com/jeremiahspick/wp-media-folder-media/wp-content/uploads/2021/09/10-oz-Premium-Ground-Mocha-Java.jpg,https://jeremiahspick.com/product/mocha-java/,,,
63,Premium,Mocha Java,Medium Roast,Ground,1lb Bag,reference-images/1-lb-Premium-Mocha-Java-Blend.jpg,https://s3-us-west-1.amazonaws.com/jeremiahspick/wp-media-folder-media/wp-content/uploads/2021/09/1-lb-Premium-Mocha-Java-Blend.jpg,https://jeremiahspick.com/product/mocha-java/,,,
64,Premium,Mocha Java,Medium Roast,Ground,5lb Bag,reference-images/5-lb-blue-orange-bags.jpg,https://s3-us-west-1.amazonaws.com/jeremiahspick/wp-media-folder-media/wp-content/uploads/2021/09/5-lb-blue-orange-bags.jpg,https://jeremiahspick.com/product/mocha-java/,,,
65,Premium,Mocha Java,Medium Roast,Whole Bean,10oz Bag,reference-images/10-oz-Premium-Whole-Bean-Mocha-Java.jpg,https://s3-us-west-1.amazonaws.com/jeremiahspick/wp-media-folder-media/wp-content/uploads/2021/09/10-oz-Premium-Whole-Bean-Mocha-Java.jpg,https://jeremiahspick.com/product/mocha-java/,,,
66,Premium,Mocha Java,Medium Roast,Whole Bean,1lb Bag,reference-images/1-lb-Premium-Mocha-Java-Blend.jpg,https://s3-us-west-1.amazonaws.com/jeremiahspick/wp-media-folder-media/wp-content/uploads/2021/09/1-lb-Premium-Mocha-Java-Blend.jpg,https://jeremiahspick.com/product/mocha-java/,,,
67,Premium,Mocha Java,Medium Roast,Whole Bean,5lb Bag,reference-images/5-lb-blue-orange-bags.jpg,https://s3-us-west-1.amazonaws.com/jeremiahspick/wp-media-folder-media/wp-content/uploads/2021/09/5-lb-blue-orange-bags.jpg,https://jeremiahspick.com/product/mocha-java/,,,
68,Premium,Organic Chocatal,Medium Roast,Ground,10oz Bag,reference-images/10-oz-Organic-Chocatal-Ground.jpg,https://s3-us-west-1.amazonaws.com/jeremiahspick/wp-media-folder-media/wp-content/uploads/2021/09/10-oz-Organic-Chocatal-Ground.jpg,https://jeremiahspick.com/product/organic-chocatal/,,,
69,Premium,Organic Chocatal,Medium Roast,Ground,1lb Bag,reference-images/1-lb-Organic-Chocatal.jpg,https://s3-us-west-1.amazonaws.com/jeremiahspick/wp-media-folder-media/wp-content/uploads/2021/09/1-lb-Organic-Chocatal.jpg,https://jeremiahspick.com/product/organic-chocatal/,,,
70,Premium,Organic Chocatal,Medium Roast,Ground,5lb Bag,reference-images/5-lb-blue-orange-bags.jpg,https://s3-us-west-1.amazonaws.com/jeremiahspick/wp-media-folder-media/wp-content/uploads/2021/09/5-lb-blue-orange-bags.jpg,https://jeremiahspick.com/product/organic-chocatal/,,,
71,Premium,Private Reserve,Dark Roast,Ground,10oz Bag,reference-images/10-oz-Premium-Ground-Private-Reserve.jpg,https://s3-us-west-1.amazonaws.com/jeremiahspick/wp-media-folder-media/wp-content/uploads/2021/09/10-oz-Premium-Ground-Private-Reserve.jpg,https://jeremiahspick.com/product/private-reserve/,,,
72,Premium,Private Reserve,Dark Roast,Ground,1lb Bag,reference-images/1-lb-Premium-Private-Reserve.jpg,https://s3-us-west-1.amazonaws.com/jeremiahspick/wp-media-folder-media/wp-content/uploads/2021/09/1-lb-Premium-Private-Reserve.jpg,https://jeremiahspick.com/product/private-reserve/,,,
73,Premium,Private Reserve,Dark Roast,Ground,5lb Bag,reference-images/5-lb-blue-orange-bags.jpg,https://s3-us-west-1.amazonaws.com/jeremiahspick/wp-media-folder-media/wp-content/uploads/2021/09/5-lb-blue-orange-bags.jpg,https://jeremiahspick.com/product/private-reserve/,,,
74,Premium,Private Reserve,Dark Roast,Whole Bean,10oz Bag,reference-images/10-oz-Premium-Whole-Bean-Private-Reserve.jpg,https://s3-us-west-1.amazonaws.com/jeremiahspick/wp-media-folder-media/wp-content/uploads/2021/09/10-oz-Premium-Whole-Bean-Private-Reserve.jpg,https://jeremiahspick.com/product/private-reserve/,,,
75,Premium,Private Reserve,Dark Roast,Whole Bean,1lb Bag,reference-images/1-lb-Premium-Private-Reserve.jpg,https://s3-us-west-1.amazonaws.com/jeremiahspick/wp-media-folder-media/wp-content/uploads/2021/09/1-lb-Premium-Private-Reserve.jpg,https://jeremiahspick.com/product/private-reserve/,,,
76,Premium,Private Reserve,Dark Roast,Whole Bean,5lb Bag,reference-images/5-lb-blue-orange-bags.jpg,https://s3-us-west-1.amazonaws.com/jeremiahspick/wp-media-folder-media/wp-content/uploads/2021/09/5-lb-blue-orange-bags.jpg,https://jeremiahspick.com/product/private-reserve/,,,
77,Premium,Sumatra Mandheling,Dark Roast,Ground,10oz Bag,reference-images/10-oz-Single-Origin-Ground-Sumatra-Mandheling.jpg,https://s3-us-west-1.amazonaws.com/jeremiahspick/wp-media-folder-media/wp-content/uploads/2021/09/10-oz-Single-Origin-Ground-Sumatra-Mandheling.jpg,https://jeremiahspick.com/product/sumatra-mandheling/,,,
78,Premium,Sumatra Mandheling,Dark Roast,Ground,1lb Bag,reference-images/1-lb-Premium-Sumatra.jpg,https://s3-us-west-1.amazonaws.com/jeremiahspick/wp-media-folder-media/wp-content/uploads/2021/09/1-lb-Premium-Sumatra.jpg,https://jeremiahspick.com/product/sumatra-mandheling/,,,
79,Premium,Sumatra Mandheling,Dark Roast,Ground,5lb Bag,reference-images/5-lb-blue-orange-bags.jpg,https://s3-us-west-1.amazonaws.com/jeremiahspick/wp-media-folder-media/wp-content/uploads/2021/09/5-lb-blue-orange-bags.jpg,https://jeremiahspick.com/product/sumatra-mandheling/,,,
80,Premium,Sumatra Mandheling,Dark Roast,Whole Bean,10oz Bag,reference-images/10-oz-Premium-Whole-Bean-Single-Origin-Sumatra-Mandheling.jpg,https://s3-us-west-1.amazonaws.com/jeremiahspick/wp-media-folder-media/wp-content/uploads/2021/09/10-oz-Premium-Whole-Bean-Single-Origin-Sumatra-Mandheling.jpg,https://jeremiahspick.com/product/sumatra-mandheling/,,,
81,Premium,Sumatra Mandheling,Dark Roast,Whole Bean,1lb Bag,reference-images/1-lb-Premium-Sumatra.jpg,https://s3-us-west-1.amazonaws.com/jeremiahspick/wp-media-folder-media/wp-content/uploads/2021/09/1-lb-Premium-Sumatra.jpg,https://jeremiahspick.com/product/sumatra-mandheling/,,,
82,Premium,Sumatra Mandheling,Dark Roast,Whole Bean,5lb Bag,reference-images/5-lb-blue-orange-bags.jpg,https://s3-us-west-1.amazonaws.com/jeremiahspick/wp-media-folder-media/wp-content/uploads/2021/09/5-lb-blue-orange-bags.jpg,https://jeremiahspick.com/product/sumatra-mandheling/,,,
,── Organic (69 designs) ──,,,,,,,,,,
1,Organic,Organic Breakfast Blend,Dark Roast,Ground,10oz Bag,reference-images/10-oz-Organic-Breakfast-Blend-Ground.jpg,https://s3-us-west-1.amazonaws.com/jeremiahspick/wp-media-folder-media/wp-content/uploads/2021/09/10-oz-Organic-Breakfast-Blend-Ground.jpg,https://jeremiahspick.com/product/organic-breakfast-blend/,,,
2,Organic,Organic Breakfast Blend,Dark Roast,Ground,1lb Bag,reference-images/1-lb-Organic-Breakfast-Blend.jpg,https://s3-us-west-1.amazonaws.com/jeremiahspick/wp-media-folder-media/wp-content/uploads/2021/09/1-lb-Organic-Breakfast-Blend.jpg,https://jeremiahspick.com/product/organic-breakfast-blend/,,,
3,Organic,Organic Breakfast Blend,Dark Roast,Ground,5lb Bag,reference-images/5-lb-blue-orange-bags.jpg,https://s3-us-west-1.amazonaws.com/jeremiahspick/wp-media-folder-media/wp-content/uploads/2021/09/5-lb-blue-orange-bags.jpg,https://jeremiahspick.com/product/organic-breakfast-blend/,,,
4,Organic,Organic Breakfast Blend,Dark Roast,Whole Bean,10oz Bag,reference-images/10-oz-Organic-Breakfast-Blend.jpg,https://s3-us-west-1.amazonaws.com/jeremiahspick/wp-media-folder-media/wp-content/uploads/2021/05/10-oz-Organic-Breakfast-Blend.jpg,https://jeremiahspick.com/product/organic-breakfast-blend/,,,
5,Organic,Organic Breakfast Blend,Dark Roast,Whole Bean,1lb Bag,reference-images/1-lb-Organic-Breakfast-Blend.jpg,https://s3-us-west-1.amazonaws.com/jeremiahspick/wp-media-folder-media/wp-content/uploads/2021/09/1-lb-Organic-Breakfast-Blend.jpg,https://jeremiahspick.com/product/organic-breakfast-blend/,,,
6,Organic,Organic Breakfast Blend,Dark Roast,Whole Bean,5lb Bag,reference-images/5-lb-blue-orange-bags.jpg,https://s3-us-west-1.amazonaws.com/jeremiahspick/wp-media-folder-media/wp-content/uploads/2021/09/5-lb-blue-orange-bags.jpg,https://jeremiahspick.com/product/organic-breakfast-blend/,,,
7,Organic,Organic Chocatal,Medium Roast,Ground,10oz Bag,reference-images/10-oz-Organic-Chocatal-Ground.jpg,https://s3-us-west-1.amazonaws.com/jeremiahspick/wp-media-folder-media/wp-content/uploads/2021/09/10-oz-Organic-Chocatal-Ground.jpg,https://jeremiahspick.com/product/organic-chocatal/,,,
8,Organic,Organic Chocatal,Medium Roast,Ground,1lb Bag,reference-images/1-lb-Organic-Chocatal.jpg,https://s3-us-west-1.amazonaws.com/jeremiahspick/wp-media-folder-media/wp-content/uploads/2021/09/1-lb-Organic-Chocatal.jpg,https://jeremiahspick.com/product/organic-chocatal/,,,
9,Organic,Organic Chocatal,Medium Roast,Ground,5lb Bag,reference-images/5-lb-blue-orange-bags.jpg,https://s3-us-west-1.amazonaws.com/jeremiahspick/wp-media-folder-media/wp-content/uploads/2021/09/5-lb-blue-orange-bags.jpg,https://jeremiahspick.com/product/organic-chocatal/,,,
10,Organic,Organic Espresso,Medium Roast,Ground,10oz Bag,reference-images/10-oz-Organic-Expresso-Ground.jpg,https://s3-us-west-1.amazonaws.com/jeremiahspick/wp-media-folder-media/wp-content/uploads/2021/09/10-oz-Organic-Expresso-Ground.jpg,https://jeremiahspick.com/product/organic-espresso/,,,
11,Organic,Organic Espresso,Medium Roast,Ground,1lb Bag,reference-images/1-lb-Organic-Espresso.jpg,https://s3-us-west-1.amazonaws.com/jeremiahspick/wp-media-folder-media/wp-content/uploads/2021/09/1-lb-Organic-Espresso.jpg,https://jeremiahspick.com/product/organic-espresso/,,,
12,Organic,Organic Espresso,Medium Roast,Ground,5lb Bag,reference-images/5-lb-blue-orange-bags.jpg,https://s3-us-west-1.amazonaws.com/jeremiahspick/wp-media-folder-media/wp-content/uploads/2021/09/5-lb-blue-orange-bags.jpg,https://jeremiahspick.com/product/organic-espresso/,,,
13,Organic,Organic Espresso,Medium Roast,Whole Bean,10oz Bag,reference-images/10-oz-Organic-Expresso.jpg,https://s3-us-west-1.amazonaws.com/jeremiahspick/wp-media-folder-media/wp-content/uploads/2021/05/10-oz-Organic-Expresso.jpg,https://jeremiahspick.com/product/organic-espresso/,,,
14,Organic,Organic Espresso,Medium Roast,Whole Bean,1lb Bag,reference-images/1-lb-Organic-Espresso.jpg,https://s3-us-west-1.amazonaws.com/jeremiahspick/wp-media-folder-media/wp-content/uploads/2021/09/1-lb-Organic-Espresso.jpg,https://jeremiahspick.com/product/organic-espresso/,,,
15,Organic,Organic Espresso,Medium Roast,Whole Bean,5lb Bag,reference-images/5-lb-blue-orange-bags.jpg,https://s3-us-west-1.amazonaws.com/jeremiahspick/wp-media-folder-media/wp-content/uploads/2021/09/5-lb-blue-orange-bags.jpg,https://jeremiahspick.com/product/organic-espresso/,,,
16,Organic,Organic French Roast,Dark Roast,Ground,10oz Bag,reference-images/10-oz-Organic-French-Roast-Ground.jpg,https://s3-us-west-1.amazonaws.com/jeremiahspick/wp-media-folder-media/wp-content/uploads/2021/09/10-oz-Organic-French-Roast-Ground.jpg,https://jeremiahspick.com/product/organic-french-roast/,,,
17,Organic,Organic French Roast,Dark Roast,Ground,1lb Bag,reference-images/1-lb-Organic-French-Roast.jpg,https://s3-us-west-1.amazonaws.com/jeremiahspick/wp-media-folder-media/wp-content/uploads/2021/09/1-lb-Organic-French-Roast.jpg,https://jeremiahspick.com/product/organic-french-roast/,,,
18,Organic,Organic French Roast,Dark Roast,Ground,5lb Bag,reference-images/5-lb-blue-orange-bags.jpg,https://s3-us-west-1.amazonaws.com/jeremiahspick/wp-media-folder-media/wp-content/uploads/2021/09/5-lb-blue-orange-bags.jpg,https://jeremiahspick.com/product/organic-french-roast/,,,
19,Organic,Organic French Roast,Dark Roast,Whole Bean,10oz Bag,reference-images/10-oz-Organic-French-Roast.jpg,https://s3-us-west-1.amazonaws.com/jeremiahspick/wp-media-folder-media/wp-content/uploads/2021/05/10-oz-Organic-French-Roast.jpg,https://jeremiahspick.com/product/organic-french-roast/,,,
20,Organic,Organic French Roast,Dark Roast,Whole Bean,1lb Bag,reference-images/1-lb-Organic-French-Roast.jpg,https://s3-us-west-1.amazonaws.com/jeremiahspick/wp-media-folder-media/wp-content/uploads/2021/09/1-lb-Organic-French-Roast.jpg,https://jeremiahspick.com/product/organic-french-roast/,,,
21,Organic,Organic French Roast,Dark Roast,Whole Bean,5lb Bag,reference-images/5-lb-blue-orange-bags.jpg,https://s3-us-west-1.amazonaws.com/jeremiahspick/wp-media-folder-media/wp-content/uploads/2021/09/5-lb-blue-orange-bags.jpg,https://jeremiahspick.com/product/organic-french-roast/,,,
22,Organic,Organic Mexico,Medium Roast,Ground,10oz Bag,reference-images/10-oz-Organic-High-Grown-Mexico-Ground.jpg,https://s3-us-west-1.amazonaws.com/jeremiahspick/wp-media-folder-media/wp-content/uploads/2021/09/10-oz-Organic-High-Grown-Mexico-Ground.jpg,https://jeremiahspick.com/product/organic-mexico/,,,
23,Organic,Organic Mexico,Medium Roast,Ground,1lb Bag,reference-images/1-lb-Organic-High-Grown-Mexico.jpg,https://s3-us-west-1.amazonaws.com/jeremiahspick/wp-media-folder-media/wp-content/uploads/2021/09/1-lb-Organic-High-Grown-Mexico.jpg,https://jeremiahspick.com/product/organic-mexico/,,,
24,Organic,Organic Mexico,Medium Roast,Ground,5lb Bag,reference-images/5-lb-blue-orange-bags.jpg,https://s3-us-west-1.amazonaws.com/jeremiahspick/wp-media-folder-media/wp-content/uploads/2021/09/5-lb-blue-orange-bags.jpg,https://jeremiahspick.com/product/organic-mexico/,,,
25,Organic,Organic Mexico,Medium Roast,Whole Bean,10oz Bag,reference-images/10-oz-Organic-High-Grown-Mexico.jpg,https://s3-us-west-1.amazonaws.com/jeremiahspick/wp-media-folder-media/wp-content/uploads/2021/05/10-oz-Organic-High-Grown-Mexico.jpg,https://jeremiahspick.com/product/organic-mexico/,,,
26,Organic,Organic Mexico,Medium Roast,Whole Bean,1lb Bag,reference-images/1-lb-Organic-High-Grown-Mexico.jpg,https://s3-us-west-1.amazonaws.com/jeremiahspick/wp-media-folder-media/wp-content/uploads/2021/09/1-lb-Organic-High-Grown-Mexico.jpg,https://jeremiahspick.com/product/organic-mexico/,,,
27,Organic,Organic Mexico,Medium Roast,Whole Bean,5lb Bag,reference-images/5-lb-blue-orange-bags.jpg,https://s3-us-west-1.amazonaws.com/jeremiahspick/wp-media-folder-media/wp-content/uploads/2021/09/5-lb-blue-orange-bags.jpg,https://jeremiahspick.com/product/organic-mexico/,,,
28,Organic,Organic Mocha Java Pure,Dark Roast,Ground,10oz Bag,reference-images/10-oz-Organic-Mocha-Java-Ground.jpg,https://s3-us-west-1.amazonaws.com/jeremiahspick/wp-media-folder-media/wp-content/uploads/2021/09/10-oz-Organic-Mocha-Java-Ground.jpg,https://jeremiahspick.com/product/organic-mocha-java-pure/,,,
29,Organic,Organic Mocha Java Pure,Dark Roast,Ground,1lb Bag,reference-images/1-lb-Organic-Mocha-Java.jpg,https://s3-us-west-1.amazonaws.com/jeremiahspick/wp-media-folder-media/wp-content/uploads/2021/09/1-lb-Organic-Mocha-Java.jpg,https://jeremiahspick.com/product/organic-mocha-java-pure/,,,
30,Organic,Organic Mocha Java Pure,Dark Roast,Ground,5lb Bag,reference-images/5-lb-blue-orange-bags.jpg,https://s3-us-west-1.amazonaws.com/jeremiahspick/wp-media-folder-media/wp-content/uploads/2021/09/5-lb-blue-orange-bags.jpg,https://jeremiahspick.com/product/organic-mocha-java-pure/,,,
31,Organic,Organic Mocha Java Pure,Dark Roast,Whole Bean,10oz Bag,reference-images/10-oz-Organic-Mocha-Java.jpg,https://s3-us-west-1.amazonaws.com/jeremiahspick/wp-media-folder-media/wp-content/uploads/2021/05/10-oz-Organic-Mocha-Java.jpg,https://jeremiahspick.com/product/organic-mocha-java-pure/,,,
32,Organic,Organic Mocha Java Pure,Dark Roast,Whole Bean,1lb Bag,reference-images/1-lb-Organic-Mocha-Java.jpg,https://s3-us-west-1.amazonaws.com/jeremiahspick/wp-media-folder-media/wp-content/uploads/2021/09/1-lb-Organic-Mocha-Java.jpg,https://jeremiahspick.com/product/organic-mocha-java-pure/,,,
33,Organic,Organic Mocha Java Pure,Dark Roast,Whole Bean,5lb Bag,reference-images/5-lb-blue-orange-bags.jpg,https://s3-us-west-1.amazonaws.com/jeremiahspick/wp-media-folder-media/wp-content/uploads/2021/09/5-lb-blue-orange-bags.jpg,https://jeremiahspick.com/product/organic-mocha-java-pure/,,,
34,Organic,Organic Peru,Medium Roast,Ground,10oz Bag,reference-images/10-oz-Organic-Peru-Ground.jpg,https://s3-us-west-1.amazonaws.com/jeremiahspick/wp-media-folder-media/wp-content/uploads/2021/09/10-oz-Organic-Peru-Ground.jpg,https://jeremiahspick.com/product/organic-peru/,,,
35,Organic,Organic Peru,Medium Roast,Ground,1lb Bag,reference-images/1-lb-Organic-Peru.jpg,https://s3-us-west-1.amazonaws.com/jeremiahspick/wp-media-folder-media/wp-content/uploads/2021/09/1-lb-Organic-Peru.jpg,https://jeremiahspick.com/product/organic-peru/,,,
36,Organic,Organic Peru,Medium Roast,Ground,5lb Bag,reference-images/5-lb-blue-orange-bags.jpg,https://s3-us-west-1.amazonaws.com/jeremiahspick/wp-media-folder-media/wp-content/uploads/2021/09/5-lb-blue-orange-bags.jpg,https://jeremiahspick.com/product/organic-peru/,,,
37,Organic,Organic Peru,Medium Roast,Whole Bean,10oz Bag,reference-images/10-oz-Organic-Peru.jpg,https://s3-us-west-1.amazonaws.com/jeremiahspick/wp-media-folder-media/wp-content/uploads/2021/05/10-oz-Organic-Peru.jpg,https://jeremiahspick.com/product/organic-peru/,,,
38,Organic,Organic Peru,Medium Roast,Whole Bean,1lb Bag,reference-images/1-lb-Organic-Peru.jpg,https://s3-us-west-1.amazonaws.com/jeremiahspick/wp-media-folder-media/wp-content/uploads/2021/09/1-lb-Organic-Peru.jpg,https://jeremiahspick.com/product/organic-peru/,,,
39,Organic,Organic Peru,Medium Roast,Whole Bean,5lb Bag,reference-images/5-lb-blue-orange-bags.jpg,https://s3-us-west-1.amazonaws.com/jeremiahspick/wp-media-folder-media/wp-content/uploads/2021/09/5-lb-blue-orange-bags.jpg,https://jeremiahspick.com/product/organic-peru/,,,
40,Organic,Organic PowerCafe,Medium Roast,Ground,10oz Bag,reference-images/10-oz-Organic-Powercafe-w-Yerba-Mate-Ground.jpg,https://s3-us-west-1.amazonaws.com/jeremiahspick/wp-media-folder-media/wp-content/uploads/2021/09/10-oz-Organic-Powercafe-w-Yerba-Mate-Ground.jpg,https://jeremiahspick.com/product/organic-powercafe/,,,
41,Organic,Organic PowerCafe,Medium Roast,Ground,1lb Bag,reference-images/1-lb-Organic-Powercafe-w-Yerba-Mate.jpg,https://s3-us-west-1.amazonaws.com/jeremiahspick/wp-media-folder-media/wp-content/uploads/2021/09/1-lb-Organic-Powercafe-w-Yerba-Mate.jpg,https://jeremiahspick.com/product/organic-powercafe/,,,
42,Organic,Organic PowerCafe,Medium Roast,Ground,5lb Bag,reference-images/5-lb-blue-orange-bags.jpg,https://s3-us-west-1.amazonaws.com/jeremiahspick/wp-media-folder-media/wp-content/uploads/2021/09/5-lb-blue-orange-bags.jpg,https://jeremiahspick.com/product/organic-powercafe/,,,
43,Organic,Organic PowerCafe,Medium Roast,Whole Bean,10oz Bag,reference-images/10-oz-Organic-Powercafe-w-Yerba-Mate.jpg,https://s3-us-west-1.amazonaws.com/jeremiahspick/wp-media-folder-media/wp-content/uploads/2021/05/10-oz-Organic-Powercafe-w-Yerba-Mate.jpg,https://jeremiahspick.com/product/organic-powercafe/,,,
44,Organic,Organic PowerCafe,Medium Roast,Whole Bean,1lb Bag,reference-images/1-lb-Organic-Powercafe-w-Yerba-Mate.jpg,https://s3-us-west-1.amazonaws.com/jeremiahspick/wp-media-folder-media/wp-content/uploads/2021/09/1-lb-Organic-Powercafe-w-Yerba-Mate.jpg,https://jeremiahspick.com/product/organic-powercafe/,,,
45,Organic,Organic PowerCafe,Medium Roast,Whole Bean,5lb Bag,reference-images/5-lb-blue-orange-bags.jpg,https://s3-us-west-1.amazonaws.com/jeremiahspick/wp-media-folder-media/wp-content/uploads/2021/09/5-lb-blue-orange-bags.jpg,https://jeremiahspick.com/product/organic-powercafe/,,,
46,Organic,Organic Sumatra,Medium Roast,Ground,10oz Bag,reference-images/10-oz-Organic-Sumatra-Medium-Roast-Ground.jpg,https://s3-us-west-1.amazonaws.com/jeremiahspick/wp-media-folder-media/wp-content/uploads/2021/09/10-oz-Organic-Sumatra-Medium-Roast-Ground.jpg,https://jeremiahspick.com/product/organic-sumatra/,,,
47,Organic,Organic Sumatra,Medium Roast,Ground,1lb Bag,reference-images/1-lb-Organic-Sumatra.jpg,https://s3-us-west-1.amazonaws.com/jeremiahspick/wp-media-folder-media/wp-content/uploads/2021/09/1-lb-Organic-Sumatra.jpg,https://jeremiahspick.com/product/organic-sumatra/,,,
48,Organic,Organic Sumatra,Medium Roast,Ground,5lb Bag,reference-images/5-lb-blue-orange-bags.jpg,https://s3-us-west-1.amazonaws.com/jeremiahspick/wp-media-folder-media/wp-content/uploads/2021/09/5-lb-blue-orange-bags.jpg,https://jeremiahspick.com/product/organic-sumatra/,,,
49,Organic,Organic Sumatra,Medium Roast,Whole Bean,10oz Bag,reference-images/10-oz-Organic-Sumatra-Medium-Roast.jpg,https://s3-us-west-1.amazonaws.com/jeremiahspick/wp-media-folder-media/wp-content/uploads/2021/05/10-oz-Organic-Sumatra-Medium-Roast.jpg,https://jeremiahspick.com/product/organic-sumatra/,,,
50,Organic,Organic Sumatra,Medium Roast,Whole Bean,1lb Bag,reference-images/1-lb-Organic-Sumatra.jpg,https://s3-us-west-1.amazonaws.com/jeremiahspick/wp-media-folder-media/wp-content/uploads/2021/09/1-lb-Organic-Sumatra.jpg,https://jeremiahspick.com/product/organic-sumatra/,,,
51,Organic,Organic Sumatra,Medium Roast,Whole Bean,5lb Bag,reference-images/5-lb-blue-orange-bags.jpg,https://s3-us-west-1.amazonaws.com/jeremiahspick/wp-media-folder-media/wp-content/uploads/2021/09/5-lb-blue-orange-bags.jpg,https://jeremiahspick.com/product/organic-sumatra/,,,
52,Organic,Organic Water Process Decaf,Dark Roast,Ground,10oz Bag,reference-images/10-oz-Organic-Water-Pressed-Decaf-Ground.jpg,https://s3-us-west-1.amazonaws.com/jeremiahspick/wp-media-folder-media/wp-content/uploads/2021/09/10-oz-Organic-Water-Pressed-Decaf-Ground.jpg,https://jeremiahspick.com/product/organic-water-process-decaf/,,,
53,Organic,Organic Water Process Decaf,Dark Roast,Ground,1lb Bag,reference-images/1-lb-Organic-Water-Processed-Decaf.jpg,https://s3-us-west-1.amazonaws.com/jeremiahspick/wp-media-folder-media/wp-content/uploads/2021/09/1-lb-Organic-Water-Processed-Decaf.jpg,https://jeremiahspick.com/product/organic-water-process-decaf/,,,
54,Organic,Organic Water Process Decaf,Dark Roast,Ground,5lb Bag,reference-images/5-lb-blue-orange-bags.jpg,https://s3-us-west-1.amazonaws.com/jeremiahspick/wp-media-folder-media/wp-content/uploads/2021/09/5-lb-blue-orange-bags.jpg,https://jeremiahspick.com/product/organic-water-process-decaf/,,,
55,Organic,Organic Water Process Decaf,Dark Roast,Whole Bean,10oz Bag,reference-images/10-oz-Organic-Water-Pressed-Decaf.jpg,https://s3-us-west-1.amazonaws.com/jeremiahspick/wp-media-folder-media/wp-content/uploads/2021/05/10-oz-Organic-Water-Pressed-Decaf.jpg,https://jeremiahspick.com/product/organic-water-process-decaf/,,,
56,Organic,Organic Water Process Decaf,Dark Roast,Whole Bean,1lb Bag,reference-images/1-lb-Organic-Water-Processed-Decaf.jpg,https://s3-us-west-1.amazonaws.com/jeremiahspick/wp-media-folder-media/wp-content/uploads/2021/09/1-lb-Organic-Water-Processed-Decaf.jpg,https://jeremiahspick.com/product/organic-water-process-decaf/,,,
57,Organic,Organic Water Process Decaf,Dark Roast,Whole Bean,5lb Bag,reference-images/5-lb-blue-orange-bags.jpg,https://s3-us-west-1.amazonaws.com/jeremiahspick/wp-media-folder-media/wp-content/uploads/2021/09/5-lb-blue-orange-bags.jpg,https://jeremiahspick.com/product/organic-water-process-decaf/,,,
58,Organic,Pick of the Harvest: Organic Chanchamayo Peru,,Ground,10 oz. Bag,reference-images/1-lb-Pick-of-the-Harvest-Chanchamayo.jpg,https://s3-us-west-1.amazonaws.com/jeremiahspick/wp-media-folder-media/wp-content/uploads/2018/07/1-lb-Pick-of-the-Harvest-Chanchamayo.jpg,https://jeremiahspick.com/product/organic-chancamayo/,,,
59,Organic,Pick of the Harvest: Organic Chanchamayo Peru,,Ground,1 lb. Bag,reference-images/1-lb-Pick-of-the-Harvest-Chanchamayo.jpg,https://s3-us-west-1.amazonaws.com/jeremiahspick/wp-media-folder-media/wp-content/uploads/2018/07/1-lb-Pick-of-the-Harvest-Chanchamayo.jpg,https://jeremiahspick.com/product/organic-chancamayo/,,,
60,Organic,Pick of the Harvest: Organic Chanchamayo Peru,,Ground,5 lb. Bag,reference-images/1-lb-Pick-of-the-Harvest-Chanchamayo.jpg,https://s3-us-west-1.amazonaws.com/jeremiahspick/wp-media-folder-media/wp-content/uploads/2018/07/1-lb-Pick-of-the-Harvest-Chanchamayo.jpg,https://jeremiahspick.com/product/organic-chancamayo/,,,
61,Organic,Pick of the Harvest: Organic Chanchamayo Peru,,Whole Beans,10 oz. Bag,reference-images/1-lb-Pick-of-the-Harvest-Chanchamayo.jpg,https://s3-us-west-1.amazonaws.com/jeremiahspick/wp-media-folder-media/wp-content/uploads/2018/07/1-lb-Pick-of-the-Harvest-Chanchamayo.jpg,https://jeremiahspick.com/product/organic-chancamayo/,,,
62,Organic,Pick of the Harvest: Organic Chanchamayo Peru,,Whole Beans,1 lb. Bag,reference-images/1-lb-Pick-of-the-Harvest-Chanchamayo.jpg,https://s3-us-west-1.amazonaws.com/jeremiahspick/wp-media-folder-media/wp-content/uploads/2018/07/1-lb-Pick-of-the-Harvest-Chanchamayo.jpg,https://jeremiahspick.com/product/organic-chancamayo/,,,
63,Organic,Pick of the Harvest: Organic Chanchamayo Peru,,Whole Beans,5 lb. Bag,reference-images/1-lb-Pick-of-the-Harvest-Chanchamayo.jpg,https://s3-us-west-1.amazonaws.com/jeremiahspick/wp-media-folder-media/wp-content/uploads/2018/07/1-lb-Pick-of-the-Harvest-Chanchamayo.jpg,https://jeremiahspick.com/product/organic-chancamayo/,,,
64,Organic,Pick of the Harvest: Organic Maria Elena Sol,,Whole Bean,1lb Bag,reference-images/PICK-OF-THE-HARVEST-ORGANIC-MARIA-ELENA-SOL-1-LB.jpg,https://s3-us-west-1.amazonaws.com/jeremiahspick/wp-media-folder-media/wp-content/uploads/2018/07/PICK-OF-THE-HARVEST-ORGANIC-MARIA-ELENA-SOL-1-LB.jpg,https://jeremiahspick.com/product/pick-of-the-harvest-organic-maria-elena-sol/,,,
65,Organic,Pick of the Harvest: Organic San Juan Intibuca,,Whole Bean,1lb Bag,reference-images/1-lb-Pick-of-the-Harvest-San-Juan.jpg,https://s3-us-west-1.amazonaws.com/jeremiahspick/wp-media-folder-media/wp-content/uploads/2021/09/1-lb-Pick-of-the-Harvest-San-Juan.jpg,https://jeremiahspick.com/product/pick-of-the-harvest-organic-san-juan-intibuca/,,,
66,Organic,Pick of the Harvest: Organic Santa Rosa,,Whole Bean,1lb Bag,reference-images/1-lb-Pick-of-the-Harvest-Organic-Santa-Rosa.jpg,https://s3-us-west-1.amazonaws.com/jeremiahspick/wp-media-folder-media/wp-content/uploads/2021/09/1-lb-Pick-of-the-Harvest-Organic-Santa-Rosa.jpg,https://jeremiahspick.com/product/pick-of-the-harvest-organic-santa-rosa/,,,
67,Organic,Pick of the Harvest: Organic Sierra Madre de Chiapas,,Whole Bean,1lb Bag,reference-images/1-lb-Pick-of-the-Harvest-Organic-Sierra-Madre.jpg,https://s3-us-west-1.amazonaws.com/jeremiahspick/wp-media-folder-media/wp-content/uploads/2021/09/1-lb-Pick-of-the-Harvest-Organic-Sierra-Madre.jpg,https://jeremiahspick.com/product/pick-of-the-harvest-organic-sierra-madre/,,,
68,Organic,Pick of the Harvest: Organic Veracruz,,Whole Bean,1lb Bag,reference-images/1-lb-Pick-of-the-Harvest-Organic-Vera-Cruz.jpg,https://s3-us-west-1.amazonaws.com/jeremiahspick/wp-media-folder-media/wp-content/uploads/2021/09/1-lb-Pick-of-the-Harvest-Organic-Vera-Cruz.jpg,https://jeremiahspick.com/product/pick-of-the-harvest-organic-veracruz/,,,
69,Organic,Pick of the Harvest: Organic Vilcabamba,,Whole Bean,1lb Bag,reference-images/1-lb-Pick-of-the-Harvest-Vilcabamba.jpg,https://s3-us-west-1.amazonaws.com/jeremiahspick/wp-media-folder-media/wp-content/uploads/2021/09/1-lb-Pick-of-the-Harvest-Vilcabamba.jpg,https://jeremiahspick.com/product/pick-of-the-harvest-organic-vilcabamba/,,,
,── Specialty-Single-Origins (36 designs) ──,,,,,,,,,,
1,Specialty-Single-Origins,100% Pure Jamaican Blue Mountain,Light Roast,Ground,1lb Bag,reference-images/100-JAMAICAN-BLUE.jpg,https://s3-us-west-1.amazonaws.com/jeremiahspick/wp-media-folder-media/wp-content/uploads/2018/11/100-JAMAICAN-BLUE.jpg,https://jeremiahspick.com/product/100-jamaican-blue-mountain/,,,
2,Specialty-Single-Origins,100% Pure Jamaican Blue Mountain,Light Roast,Whole Bean,1lb Bag,reference-images/100-JAMAICAN-BLUE-WHOLE.jpg,https://s3-us-west-1.amazonaws.com/jeremiahspick/wp-media-folder-media/wp-content/uploads/2018/11/100-JAMAICAN-BLUE-WHOLE.jpg,https://jeremiahspick.com/product/100-jamaican-blue-mountain/,,,
3,Specialty-Single-Origins,100% Pure Kona,Light Roast,Ground,1lb Bag,reference-images/100-HAWAIIAN-KONA.jpg,https://s3-us-west-1.amazonaws.com/jeremiahspick/wp-media-folder-media/wp-content/uploads/2018/11/100-HAWAIIAN-KONA.jpg,https://jeremiahspick.com/product/100-pure-kona/,,,
4,Specialty-Single-Origins,100% Pure Kona,Light Roast,Whole Bean,1lb Bag,reference-images/100-HAWAIIAN-KONA-WHOLE.jpg,https://s3-us-west-1.amazonaws.com/jeremiahspick/wp-media-folder-media/wp-content/uploads/2018/11/100-HAWAIIAN-KONA-WHOLE.jpg,https://jeremiahspick.com/product/100-pure-kona/,,,
5,Specialty-Single-Origins,Ethiopia Sidamo,Medium Roast,Whole Bean,12oz Jar,reference-images/JAR-ETHIOPIA-SIDAMO-NENSEBO-MEDIUM-ROAST.jpg,https://s3-us-west-1.amazonaws.com/jeremiahspick/wp-media-folder-media/wp-content/uploads/2018/07/JAR-ETHIOPIA-SIDAMO-NENSEBO-MEDIUM-ROAST.jpg,https://jeremiahspick.com/product/ethiopia-sidamo/,,,
6,Specialty-Single-Origins,Ethiopia Utopia,Medium Roast,Ground,10oz Bag,reference-images/10-oz-Single-Origin-Ground-Ethiopia-Utopia.jpg,https://s3-us-west-1.amazonaws.com/jeremiahspick/wp-media-folder-media/wp-content/uploads/2021/09/10-oz-Single-Origin-Ground-Ethiopia-Utopia.jpg,https://jeremiahspick.com/product/ethiopia-utopia/,,,
7,Specialty-Single-Origins,Ethiopia Utopia,Medium Roast,Ground,1lb Bag,reference-images/1-lb-Ethiopia-Utopia.jpg,https://s3-us-west-1.amazonaws.com/jeremiahspick/wp-media-folder-media/wp-content/uploads/2021/09/1-lb-Ethiopia-Utopia.jpg,https://jeremiahspick.com/product/ethiopia-utopia/,,,
8,Specialty-Single-Origins,Ethiopia Utopia,Medium Roast,Ground,5lb Bag,reference-images/5-lb-blue-orange-bags.jpg,https://s3-us-west-1.amazonaws.com/jeremiahspick/wp-media-folder-media/wp-content/uploads/2021/09/5-lb-blue-orange-bags.jpg,https://jeremiahspick.com/product/ethiopia-utopia/,,,
9,Specialty-Single-Origins,Ethiopia Utopia,Medium Roast,Whole Bean,10oz Bag,reference-images/10-oz-Premium-Whole-Bean-Single-Origin-Ethiopia-Utopia.jpg,https://s3-us-west-1.amazonaws.com/jeremiahspick/wp-media-folder-media/wp-content/uploads/2021/09/10-oz-Premium-Whole-Bean-Single-Origin-Ethiopia-Utopia.jpg,https://jeremiahspick.com/product/ethiopia-utopia/,,,
10,Specialty-Single-Origins,Ethiopia Utopia,Medium Roast,Whole Bean,1lb Bag,reference-images/1-lb-Ethiopia-Utopia.jpg,https://s3-us-west-1.amazonaws.com/jeremiahspick/wp-media-folder-media/wp-content/uploads/2021/09/1-lb-Ethiopia-Utopia.jpg,https://jeremiahspick.com/product/ethiopia-utopia/,,,
11,Specialty-Single-Origins,Ethiopia Utopia,Medium Roast,Whole Bean,5lb Bag,reference-images/5-lb-blue-orange-bags.jpg,https://s3-us-west-1.amazonaws.com/jeremiahspick/wp-media-folder-media/wp-content/uploads/2021/09/5-lb-blue-orange-bags.jpg,https://jeremiahspick.com/product/ethiopia-utopia/,,,
12,Specialty-Single-Origins,Guatemala,Dark Roast,Ground,10oz Bag,reference-images/10-oz-Single-Origin-Ground-Guatemala-Oriente.jpg,https://s3-us-west-1.amazonaws.com/jeremiahspick/wp-media-folder-media/wp-content/uploads/2021/09/10-oz-Single-Origin-Ground-Guatemala-Oriente.jpg,https://jeremiahspick.com/product/guatemala/,,,
13,Specialty-Single-Origins,Guatemala,Dark Roast,Ground,1lb Bag,reference-images/1-lb-Premium-Guatemala-Oriente.jpg,https://s3-us-west-1.amazonaws.com/jeremiahspick/wp-media-folder-media/wp-content/uploads/2021/09/1-lb-Premium-Guatemala-Oriente.jpg,https://jeremiahspick.com/product/guatemala/,,,
14,Specialty-Single-Origins,Guatemala,Dark Roast,Ground,5lb Bag,reference-images/5-lb-blue-orange-bags.jpg,https://s3-us-west-1.amazonaws.com/jeremiahspick/wp-media-folder-media/wp-content/uploads/2021/09/5-lb-blue-orange-bags.jpg,https://jeremiahspick.com/product/guatemala/,,,
15,Specialty-Single-Origins,Guatemala,Dark Roast,Whole Bean,10oz Bag,reference-images/10-oz-Premium-Whole-Bean-Single-Origin-Guatemala-Oriente.jpg,https://s3-us-west-1.amazonaws.com/jeremiahspick/wp-media-folder-media/wp-content/uploads/2021/09/10-oz-Premium-Whole-Bean-Single-Origin-Guatemala-Oriente.jpg,https://jeremiahspick.com/product/guatemala/,,,
16,Specialty-Single-Origins,Guatemala,Dark Roast,Whole Bean,1lb Bag,reference-images/1-lb-Premium-Guatemala-Oriente.jpg,https://s3-us-west-1.amazonaws.com/jeremiahspick/wp-media-folder-media/wp-content/uploads/2021/09/1-lb-Premium-Guatemala-Oriente.jpg,https://jeremiahspick.com/product/guatemala/,,,
17,Specialty-Single-Origins,Guatemala,Dark Roast,Whole Bean,5lb Bag,reference-images/5-lb-blue-orange-bags.jpg,https://s3-us-west-1.amazonaws.com/jeremiahspick/wp-media-folder-media/wp-content/uploads/2021/09/5-lb-blue-orange-bags.jpg,https://jeremiahspick.com/product/guatemala/,,,
18,Specialty-Single-Origins,Pick of the Harvest: Organic Chanchamayo Peru,,Ground,10 oz. Bag,reference-images/1-lb-Pick-of-the-Harvest-Chanchamayo.jpg,https://s3-us-west-1.amazonaws.com/jeremiahspick/wp-media-folder-media/wp-content/uploads/2018/07/1-lb-Pick-of-the-Harvest-Chanchamayo.jpg,https://jeremiahspick.com/product/organic-chancamayo/,,,
19,Specialty-Single-Origins,Pick of the Harvest: Organic Chanchamayo Peru,,Ground,1 lb. Bag,reference-images/1-lb-Pick-of-the-Harvest-Chanchamayo.jpg,https://s3-us-west-1.amazonaws.com/jeremiahspick/wp-media-folder-media/wp-content/uploads/2018/07/1-lb-Pick-of-the-Harvest-Chanchamayo.jpg,https://jeremiahspick.com/product/organic-chancamayo/,,,
20,Specialty-Single-Origins,Pick of the Harvest: Organic Chanchamayo Peru,,Ground,5 lb. Bag,reference-images/1-lb-Pick-of-the-Harvest-Chanchamayo.jpg,https://s3-us-west-1.amazonaws.com/jeremiahspick/wp-media-folder-media/wp-content/uploads/2018/07/1-lb-Pick-of-the-Harvest-Chanchamayo.jpg,https://jeremiahspick.com/product/organic-chancamayo/,,,
21,Specialty-Single-Origins,Pick of the Harvest: Organic Chanchamayo Peru,,Whole Beans,10 oz. Bag,reference-images/1-lb-Pick-of-the-Harvest-Chanchamayo.jpg,https://s3-us-west-1.amazonaws.com/jeremiahspick/wp-media-folder-media/wp-content/uploads/2018/07/1-lb-Pick-of-the-Harvest-Chanchamayo.jpg,https://jeremiahspick.com/product/organic-chancamayo/,,,
22,Specialty-Single-Origins,Pick of the Harvest: Organic Chanchamayo Peru,,Whole Beans,1 lb. Bag,reference-images/1-lb-Pick-of-the-Harvest-Chanchamayo.jpg,https://s3-us-west-1.amazonaws.com/jeremiahspick/wp-media-folder-media/wp-content/uploads/2018/07/1-lb-Pick-of-the-Harvest-Chanchamayo.jpg,https://jeremiahspick.com/product/organic-chancamayo/,,,
23,Specialty-Single-Origins,Pick of the Harvest: Organic Chanchamayo Peru,,Whole Beans,5 lb. Bag,reference-images/1-lb-Pick-of-the-Harvest-Chanchamayo.jpg,https://s3-us-west-1.amazonaws.com/jeremiahspick/wp-media-folder-media/wp-content/uploads/2018/07/1-lb-Pick-of-the-Harvest-Chanchamayo.jpg,https://jeremiahspick.com/product/organic-chancamayo/,,,
24,Specialty-Single-Origins,Pick of the Harvest: Organic Maria Elena Sol,,Whole Bean,1lb Bag,reference-images/PICK-OF-THE-HARVEST-ORGANIC-MARIA-ELENA-SOL-1-LB.jpg,https://s3-us-west-1.amazonaws.com/jeremiahspick/wp-media-folder-media/wp-content/uploads/2018/07/PICK-OF-THE-HARVEST-ORGANIC-MARIA-ELENA-SOL-1-LB.jpg,https://jeremiahspick.com/product/pick-of-the-harvest-organic-maria-elena-sol/,,,
25,Specialty-Single-Origins,Pick of the Harvest: Organic San Juan Intibuca,,Whole Bean,1lb Bag,reference-images/1-lb-Pick-of-the-Harvest-San-Juan.jpg,https://s3-us-west-1.amazonaws.com/jeremiahspick/wp-media-folder-media/wp-content/uploads/2021/09/1-lb-Pick-of-the-Harvest-San-Juan.jpg,https://jeremiahspick.com/product/pick-of-the-harvest-organic-san-juan-intibuca/,,,
26,Specialty-Single-Origins,Pick of the Harvest: Organic Santa Rosa,,Whole Bean,1lb Bag,reference-images/1-lb-Pick-of-the-Harvest-Organic-Santa-Rosa.jpg,https://s3-us-west-1.amazonaws.com/jeremiahspick/wp-media-folder-media/wp-content/uploads/2021/09/1-lb-Pick-of-the-Harvest-Organic-Santa-Rosa.jpg,https://jeremiahspick.com/product/pick-of-the-harvest-organic-santa-rosa/,,,
27,Specialty-Single-Origins,Pick of the Harvest: Organic Sierra Madre de Chiapas,,Whole Bean,1lb Bag,reference-images/1-lb-Pick-of-the-Harvest-Organic-Sierra-Madre.jpg,https://s3-us-west-1.amazonaws.com/jeremiahspick/wp-media-folder-media/wp-content/uploads/2021/09/1-lb-Pick-of-the-Harvest-Organic-Sierra-Madre.jpg,https://jeremiahspick.com/product/pick-of-the-harvest-organic-sierra-madre/,,,
28,Specialty-Single-Origins,Pick of the Harvest: Organic Veracruz,,Whole Bean,1lb Bag,reference-images/1-lb-Pick-of-the-Harvest-Organic-Vera-Cruz.jpg,https://s3-us-west-1.amazonaws.com/jeremiahspick/wp-media-folder-media/wp-content/uploads/2021/09/1-lb-Pick-of-the-Harvest-Organic-Vera-Cruz.jpg,https://jeremiahspick.com/product/pick-of-the-harvest-organic-veracruz/,,,
29,Specialty-Single-Origins,Pick of the Harvest: Organic Vilcabamba,,Whole Bean,1lb Bag,reference-images/1-lb-Pick-of-the-Harvest-Vilcabamba.jpg,https://s3-us-west-1.amazonaws.com/jeremiahspick/wp-media-folder-media/wp-content/uploads/2021/09/1-lb-Pick-of-the-Harvest-Vilcabamba.jpg,https://jeremiahspick.com/product/pick-of-the-harvest-organic-vilcabamba/,,,
30,Specialty-Single-Origins,Sumatra Mandheling,Dark Roast,Ground,10oz Bag,reference-images/10-oz-Single-Origin-Ground-Sumatra-Mandheling.jpg,https://s3-us-west-1.amazonaws.com/jeremiahspick/wp-media-folder-media/wp-content/uploads/2021/09/10-oz-Single-Origin-Ground-Sumatra-Mandheling.jpg,https://jeremiahspick.com/product/sumatra-mandheling/,,,
31,Specialty-Single-Origins,Sumatra Mandheling,Dark Roast,Ground,1lb Bag,reference-images/1-lb-Premium-Sumatra.jpg,https://s3-us-west-1.amazonaws.com/jeremiahspick/wp-media-folder-media/wp-content/uploads/2021/09/1-lb-Premium-Sumatra.jpg,https://jeremiahspick.com/product/sumatra-mandheling/,,,
32,Specialty-Single-Origins,Sumatra Mandheling,Dark Roast,Ground,5lb Bag,reference-images/5-lb-blue-orange-bags.jpg,https://s3-us-west-1.amazonaws.com/jeremiahspick/wp-media-folder-media/wp-content/uploads/2021/09/5-lb-blue-orange-bags.jpg,https://jeremiahspick.com/product/sumatra-mandheling/,,,
33,Specialty-Single-Origins,Sumatra Mandheling,Dark Roast,Whole Bean,10oz Bag,reference-images/10-oz-Premium-Whole-Bean-Single-Origin-Sumatra-Mandheling.jpg,https://s3-us-west-1.amazonaws.com/jeremiahspick/wp-media-folder-media/wp-content/uploads/2021/09/10-oz-Premium-Whole-Bean-Single-Origin-Sumatra-Mandheling.jpg,https://jeremiahspick.com/product/sumatra-mandheling/,,,
34,Specialty-Single-Origins,Sumatra Mandheling,Dark Roast,Whole Bean,1lb Bag,reference-images/1-lb-Premium-Sumatra.jpg,https://s3-us-west-1.amazonaws.com/jeremiahspick/wp-media-folder-media/wp-content/uploads/2021/09/1-lb-Premium-Sumatra.jpg,https://jeremiahspick.com/product/sumatra-mandheling/,,,
35,Specialty-Single-Origins,Sumatra Mandheling,Dark Roast,Whole Bean,5lb Bag,reference-images/5-lb-blue-orange-bags.jpg,https://s3-us-west-1.amazonaws.com/jeremiahspick/wp-media-folder-media/wp-content/uploads/2021/09/5-lb-blue-orange-bags.jpg,https://jeremiahspick.com/product/sumatra-mandheling/,,,
36,Specialty-Single-Origins,Tanzania Peaberry,Medium Roast,Whole Bean,12oz Jar,reference-images/JAR-TANZANIA-PEABERRY-MEDIUM-ROAST.jpg,https://s3-us-west-1.amazonaws.com/jeremiahspick/wp-media-folder-media/wp-content/uploads/2018/07/JAR-TANZANIA-PEABERRY-MEDIUM-ROAST.jpg,https://jeremiahspick.com/product/tanzania-peaberry/,,,
,── Decaffeinated (36 designs) ──,,,,,,,,,,
1,Decaffeinated,Decaf Colombia Supremo,Light Roast,Ground,10oz Bag,reference-images/10-oz-Premium-Ground-Decaf-Columbia-Supremo.jpg,https://s3-us-west-1.amazonaws.com/jeremiahspick/wp-media-folder-media/wp-content/uploads/2021/09/10-oz-Premium-Ground-Decaf-Columbia-Supremo.jpg,https://jeremiahspick.com/product/decaf-colombia-supremo/,,,
2,Decaffeinated,Decaf Colombia Supremo,Light Roast,Ground,1lb Bag,reference-images/1-lb-Decaf-Colombia.jpg,https://s3-us-west-1.amazonaws.com/jeremiahspick/wp-media-folder-media/wp-content/uploads/2021/09/1-lb-Decaf-Colombia.jpg,https://jeremiahspick.com/product/decaf-colombia-supremo/,,,
3,Decaffeinated,Decaf Colombia Supremo,Light Roast,Ground,5lb Bag,reference-images/5-lb-blue-orange-bags.jpg,https://s3-us-west-1.amazonaws.com/jeremiahspick/wp-media-folder-media/wp-content/uploads/2021/09/5-lb-blue-orange-bags.jpg,https://jeremiahspick.com/product/decaf-colombia-supremo/,,,
4,Decaffeinated,Decaf Colombia Supremo,Light Roast,Whole Bean,10oz Bag,reference-images/10-oz-Premium-Whole-Bean-Decaf-Colombia-Supremo.jpg,https://s3-us-west-1.amazonaws.com/jeremiahspick/wp-media-folder-media/wp-content/uploads/2021/09/10-oz-Premium-Whole-Bean-Decaf-Colombia-Supremo.jpg,https://jeremiahspick.com/product/decaf-colombia-supremo/,,,
5,Decaffeinated,Decaf Colombia Supremo,Light Roast,Whole Bean,1lb Bag,reference-images/1-lb-Decaf-Colombia.jpg,https://s3-us-west-1.amazonaws.com/jeremiahspick/wp-media-folder-media/wp-content/uploads/2021/09/1-lb-Decaf-Colombia.jpg,https://jeremiahspick.com/product/decaf-colombia-supremo/,,,
6,Decaffeinated,Decaf Colombia Supremo,Light Roast,Whole Bean,5lb Bag,reference-images/5-lb-blue-orange-bags.jpg,https://s3-us-west-1.amazonaws.com/jeremiahspick/wp-media-folder-media/wp-content/uploads/2021/09/5-lb-blue-orange-bags.jpg,https://jeremiahspick.com/product/decaf-colombia-supremo/,,,
7,Decaffeinated,Decaf Espresso,Medium Roast,Ground,10oz Bag,reference-images/10-oz-Premium-Ground-Decaf-Espresso.jpg,https://s3-us-west-1.amazonaws.com/jeremiahspick/wp-media-folder-media/wp-content/uploads/2021/09/10-oz-Premium-Ground-Decaf-Espresso.jpg,https://jeremiahspick.com/product/decaf-espresso/,,,
8,Decaffeinated,Decaf Espresso,Medium Roast,Ground,1lb Bag,reference-images/1-lb-Decaf-Espresso.jpg,https://s3-us-west-1.amazonaws.com/jeremiahspick/wp-media-folder-media/wp-content/uploads/2021/09/1-lb-Decaf-Espresso.jpg,https://jeremiahspick.com/product/decaf-espresso/,,,
9,Decaffeinated,Decaf Espresso,Medium Roast,Ground,5lb Bag,reference-images/5-lb-blue-orange-bags.jpg,https://s3-us-west-1.amazonaws.com/jeremiahspick/wp-media-folder-media/wp-content/uploads/2021/09/5-lb-blue-orange-bags.jpg,https://jeremiahspick.com/product/decaf-espresso/,,,
10,Decaffeinated,Decaf Espresso,Medium Roast,Whole Bean,10oz Bag,reference-images/10-oz-Premium-Whole-Bean-Decaf-Espresso.jpg,https://s3-us-west-1.amazonaws.com/jeremiahspick/wp-media-folder-media/wp-content/uploads/2021/09/10-oz-Premium-Whole-Bean-Decaf-Espresso.jpg,https://jeremiahspick.com/product/decaf-espresso/,,,
11,Decaffeinated,Decaf Espresso,Medium Roast,Whole Bean,1lb Bag,reference-images/1-lb-Decaf-Espresso.jpg,https://s3-us-west-1.amazonaws.com/jeremiahspick/wp-media-folder-media/wp-content/uploads/2021/09/1-lb-Decaf-Espresso.jpg,https://jeremiahspick.com/product/decaf-espresso/,,,
12,Decaffeinated,Decaf Espresso,Medium Roast,Whole Bean,5lb Bag,reference-images/5-lb-blue-orange-bags.jpg,https://s3-us-west-1.amazonaws.com/jeremiahspick/wp-media-folder-media/wp-content/uploads/2021/09/5-lb-blue-orange-bags.jpg,https://jeremiahspick.com/product/decaf-espresso/,,,
13,Decaffeinated,Decaf French Roast,Dark Roast,Ground,10oz Bag,reference-images/10-oz-Premium-Ground-Decaf-French-Roast.jpg,https://s3-us-west-1.amazonaws.com/jeremiahspick/wp-media-folder-media/wp-content/uploads/2021/09/10-oz-Premium-Ground-Decaf-French-Roast.jpg,https://jeremiahspick.com/product/decaf-french-roast/,,,
14,Decaffeinated,Decaf French Roast,Dark Roast,Ground,1lb Bag,reference-images/1-lb-Decaf-French-Roast.jpg,https://s3-us-west-1.amazonaws.com/jeremiahspick/wp-media-folder-media/wp-content/uploads/2021/09/1-lb-Decaf-French-Roast.jpg,https://jeremiahspick.com/product/decaf-french-roast/,,,
15,Decaffeinated,Decaf French Roast,Dark Roast,Ground,5lb Bag,reference-images/5-lb-blue-orange-bags.jpg,https://s3-us-west-1.amazonaws.com/jeremiahspick/wp-media-folder-media/wp-content/uploads/2021/09/5-lb-blue-orange-bags.jpg,https://jeremiahspick.com/product/decaf-french-roast/,,,
16,Decaffeinated,Decaf French Roast,Dark Roast,Whole Bean,10oz Bag,reference-images/10-oz-Premium-Whole-Bean-Decaf-French-Roast.jpg,https://s3-us-west-1.amazonaws.com/jeremiahspick/wp-media-folder-media/wp-content/uploads/2021/09/10-oz-Premium-Whole-Bean-Decaf-French-Roast.jpg,https://jeremiahspick.com/product/decaf-french-roast/,,,
17,Decaffeinated,Decaf French Roast,Dark Roast,Whole Bean,1lb Bag,reference-images/1-lb-Decaf-French-Roast.jpg,https://s3-us-west-1.amazonaws.com/jeremiahspick/wp-media-folder-media/wp-content/uploads/2021/09/1-lb-Decaf-French-Roast.jpg,https://jeremiahspick.com/product/decaf-french-roast/,,,
18,Decaffeinated,Decaf French Roast,Dark Roast,Whole Bean,5lb Bag,reference-images/5-lb-blue-orange-bags.jpg,https://s3-us-west-1.amazonaws.com/jeremiahspick/wp-media-folder-media/wp-content/uploads/2021/09/5-lb-blue-orange-bags.jpg,https://jeremiahspick.com/product/decaf-french-roast/,,,
19,Decaffeinated,Decaf Mocha Java,Medium Roast,Ground,10oz Bag,reference-images/10-oz-Premium-Ground-Decaf-Mocha-Java.jpg,https://s3-us-west-1.amazonaws.com/jeremiahspick/wp-media-folder-media/wp-content/uploads/2021/09/10-oz-Premium-Ground-Decaf-Mocha-Java.jpg,https://jeremiahspick.com/product/decaf-mocha-java/,,,
20,Decaffeinated,Decaf Mocha Java,Medium Roast,Ground,1lb Bag,reference-images/1-lb-Decaf-Mocha-Java.jpg,https://s3-us-west-1.amazonaws.com/jeremiahspick/wp-media-folder-media/wp-content/uploads/2021/09/1-lb-Decaf-Mocha-Java.jpg,https://jeremiahspick.com/product/decaf-mocha-java/,,,
21,Decaffeinated,Decaf Mocha Java,Medium Roast,Ground,5lb Bag,reference-images/5-lb-blue-orange-bags.jpg,https://s3-us-west-1.amazonaws.com/jeremiahspick/wp-media-folder-media/wp-content/uploads/2021/09/5-lb-blue-orange-bags.jpg,https://jeremiahspick.com/product/decaf-mocha-java/,,,
22,Decaffeinated,Decaf Mocha Java,Medium Roast,Whole Bean,10oz Bag,reference-images/10-oz-Premium-Whole-Bean-Decaf-Mocha-Java.jpg,https://s3-us-west-1.amazonaws.com/jeremiahspick/wp-media-folder-media/wp-content/uploads/2021/09/10-oz-Premium-Whole-Bean-Decaf-Mocha-Java.jpg,https://jeremiahspick.com/product/decaf-mocha-java/,,,
23,Decaffeinated,Decaf Mocha Java,Medium Roast,Whole Bean,1lb Bag,reference-images/1-lb-Decaf-Mocha-Java.jpg,https://s3-us-west-1.amazonaws.com/jeremiahspick/wp-media-folder-media/wp-content/uploads/2021/09/1-lb-Decaf-Mocha-Java.jpg,https://jeremiahspick.com/product/decaf-mocha-java/,,,
24,Decaffeinated,Decaf Mocha Java,Medium Roast,Whole Bean,5lb Bag,reference-images/5-lb-blue-orange-bags.jpg,https://s3-us-west-1.amazonaws.com/jeremiahspick/wp-media-folder-media/wp-content/uploads/2021/09/5-lb-blue-orange-bags.jpg,https://jeremiahspick.com/product/decaf-mocha-java/,,,
25,Decaffeinated,Decaf Private Reserve,Dark Roast,Ground,10oz Bag,reference-images/10-oz-Premium-Ground-Decaf-Private-Reserve.jpg,https://s3-us-west-1.amazonaws.com/jeremiahspick/wp-media-folder-media/wp-content/uploads/2021/09/10-oz-Premium-Ground-Decaf-Private-Reserve.jpg,https://jeremiahspick.com/product/decaf-private-reserve/,,,
26,Decaffeinated,Decaf Private Reserve,Dark Roast,Ground,1lb Bag,reference-images/1-lb-Decaf-Private-Reserve.jpg,https://s3-us-west-1.amazonaws.com/jeremiahspick/wp-media-folder-media/wp-content/uploads/2021/09/1-lb-Decaf-Private-Reserve.jpg,https://jeremiahspick.com/product/decaf-private-reserve/,,,
27,Decaffeinated,Decaf Private Reserve,Dark Roast,Ground,5lb Bag,reference-images/5-lb-blue-orange-bags.jpg,https://s3-us-west-1.amazonaws.com/jeremiahspick/wp-media-folder-media/wp-content/uploads/2021/09/5-lb-blue-orange-bags.jpg,https://jeremiahspick.com/product/decaf-private-reserve/,,,
28,Decaffeinated,Decaf Private Reserve,Dark Roast,Whole Bean,10oz Bag,reference-images/10-oz-Premium-Whole-Bean-Decaf-Private-Reserve.jpg,https://s3-us-west-1.amazonaws.com/jeremiahspick/wp-media-folder-media/wp-content/uploads/2021/09/10-oz-Premium-Whole-Bean-Decaf-Private-Reserve.jpg,https://jeremiahspick.com/product/decaf-private-reserve/,,,
29,Decaffeinated,Decaf Private Reserve,Dark Roast,Whole Bean,1lb Bag,reference-images/1-lb-Decaf-Private-Reserve.jpg,https://s3-us-west-1.amazonaws.com/jeremiahspick/wp-media-folder-media/wp-content/uploads/2021/09/1-lb-Decaf-Private-Reserve.jpg,https://jeremiahspick.com/product/decaf-private-reserve/,,,
30,Decaffeinated,Decaf Private Reserve,Dark Roast,Whole Bean,5lb Bag,reference-images/5-lb-blue-orange-bags.jpg,https://s3-us-west-1.amazonaws.com/jeremiahspick/wp-media-folder-media/wp-content/uploads/2021/09/5-lb-blue-orange-bags.jpg,https://jeremiahspick.com/product/decaf-private-reserve/,,,
31,Decaffeinated,Organic Water Process Decaf,Dark Roast,Ground,10oz Bag,reference-images/10-oz-Organic-Water-Pressed-Decaf-Ground.jpg,https://s3-us-west-1.amazonaws.com/jeremiahspick/wp-media-folder-media/wp-content/uploads/2021/09/10-oz-Organic-Water-Pressed-Decaf-Ground.jpg,https://jeremiahspick.com/product/organic-water-process-decaf/,,,
32,Decaffeinated,Organic Water Process Decaf,Dark Roast,Ground,1lb Bag,reference-images/1-lb-Organic-Water-Processed-Decaf.jpg,https://s3-us-west-1.amazonaws.com/jeremiahspick/wp-media-folder-media/wp-content/uploads/2021/09/1-lb-Organic-Water-Processed-Decaf.jpg,https://jeremiahspick.com/product/organic-water-process-decaf/,,,
33,Decaffeinated,Organic Water Process Decaf,Dark Roast,Ground,5lb Bag,reference-images/5-lb-blue-orange-bags.jpg,https://s3-us-west-1.amazonaws.com/jeremiahspick/wp-media-folder-media/wp-content/uploads/2021/09/5-lb-blue-orange-bags.jpg,https://jeremiahspick.com/product/organic-water-process-decaf/,,,
34,Decaffeinated,Organic Water Process Decaf,Dark Roast,Whole Bean,10oz Bag,reference-images/10-oz-Organic-Water-Pressed-Decaf.jpg,https://s3-us-west-1.amazonaws.com/jeremiahspick/wp-media-folder-media/wp-content/uploads/2021/05/10-oz-Organic-Water-Pressed-Decaf.jpg,https://jeremiahspick.com/product/organic-water-process-decaf/,,,
35,Decaffeinated,Organic Water Process Decaf,Dark Roast,Whole Bean,1lb Bag,reference-images/1-lb-Organic-Water-Processed-Decaf.jpg,https://s3-us-west-1.amazonaws.com/jeremiahspick/wp-media-folder-media/wp-content/uploads/2021/09/1-lb-Organic-Water-Processed-Decaf.jpg,https://jeremiahspick.com/product/organic-water-process-decaf/,,,
36,Decaffeinated,Organic Water Process Decaf,Dark Roast,Whole Bean,5lb Bag,reference-images/5-lb-blue-orange-bags.jpg,https://s3-us-west-1.amazonaws.com/jeremiahspick/wp-media-folder-media/wp-content/uploads/2021/09/5-lb-blue-orange-bags.jpg,https://jeremiahspick.com/product/organic-water-process-decaf/,,,
,── Flavored-Coffees (38 designs) ──,,,,,,,,,,
1,Flavored-Coffees,Chocatal,Medium Roast,Ground,10oz Bag,reference-images/10-oz-Premium-Ground-Chocotal.jpg,https://s3-us-west-1.amazonaws.com/jeremiahspick/wp-media-folder-media/wp-content/uploads/2021/09/10-oz-Premium-Ground-Chocotal.jpg,https://jeremiahspick.com/product/chocatal/,,,
2,Flavored-Coffees,Chocatal,Medium Roast,Ground,1lb Bag,reference-images/1-lb-Premium-Chocatal.jpg,https://s3-us-west-1.amazonaws.com/jeremiahspick/wp-media-folder-media/wp-content/uploads/2021/09/1-lb-Premium-Chocatal.jpg,https://jeremiahspick.com/product/chocatal/,,,
3,Flavored-Coffees,Chocatal,Medium Roast,Ground,5lb Bag,reference-images/5-lb-blue-orange-bags.jpg,https://s3-us-west-1.amazonaws.com/jeremiahspick/wp-media-folder-media/wp-content/uploads/2021/09/5-lb-blue-orange-bags.jpg,https://jeremiahspick.com/product/chocatal/,,,
4,Flavored-Coffees,Chocolate Raspberry,Medium Roast,Ground,10oz Bag,reference-images/10-oz-Premium-Ground-Chocolate-Raspberry.jpg,https://s3-us-west-1.amazonaws.com/jeremiahspick/wp-media-folder-media/wp-content/uploads/2021/09/10-oz-Premium-Ground-Chocolate-Raspberry.jpg,https://jeremiahspick.com/product/chocolate-raspberry/,,,
5,Flavored-Coffees,Chocolate Raspberry,Medium Roast,Ground,1lb Bag,reference-images/1-lb-Chocolate-Raspberry.jpg,https://s3-us-west-1.amazonaws.com/jeremiahspick/wp-media-folder-media/wp-content/uploads/2021/09/1-lb-Chocolate-Raspberry.jpg,https://jeremiahspick.com/product/chocolate-raspberry/,,,
6,Flavored-Coffees,Chocolate Raspberry,Medium Roast,Ground,5lb Bag,reference-images/5-lb-blue-orange-bags.jpg,https://s3-us-west-1.amazonaws.com/jeremiahspick/wp-media-folder-media/wp-content/uploads/2021/09/5-lb-blue-orange-bags.jpg,https://jeremiahspick.com/product/chocolate-raspberry/,,,
7,Flavored-Coffees,Chocolate Raspberry,Medium Roast,Whole Bean,10oz Bag,reference-images/10-oz-Premium-Whole-Bean-Chocolate-Raspberry.jpg,https://s3-us-west-1.amazonaws.com/jeremiahspick/wp-media-folder-media/wp-content/uploads/2021/09/10-oz-Premium-Whole-Bean-Chocolate-Raspberry.jpg,https://jeremiahspick.com/product/chocolate-raspberry/,,,
8,Flavored-Coffees,Chocolate Raspberry,Medium Roast,Whole Bean,1lb Bag,reference-images/1-lb-Chocolate-Raspberry.jpg,https://s3-us-west-1.amazonaws.com/jeremiahspick/wp-media-folder-media/wp-content/uploads/2021/09/1-lb-Chocolate-Raspberry.jpg,https://jeremiahspick.com/product/chocolate-raspberry/,,,
9,Flavored-Coffees,Chocolate Raspberry,Medium Roast,Whole Bean,5lb Bag,reference-images/5-lb-blue-orange-bags.jpg,https://s3-us-west-1.amazonaws.com/jeremiahspick/wp-media-folder-media/wp-content/uploads/2021/09/5-lb-blue-orange-bags.jpg,https://jeremiahspick.com/product/chocolate-raspberry/,,,
10,Flavored-Coffees,Cookie Dough,Medium Roast,Ground,10oz Bag,reference-images/10-oz-Premium-Ground-Cookie-Dough.jpg,https://s3-us-west-1.amazonaws.com/jeremiahspick/wp-media-folder-media/wp-content/uploads/2021/09/10-oz-Premium-Ground-Cookie-Dough.jpg,https://jeremiahspick.com/product/cookie-dough/,,,
11,Flavored-Coffees,Cookie Dough,Medium Roast,Ground,1lb Bag,reference-images/1-lb-Cookie-Dough.jpg,https://s3-us-west-1.amazonaws.com/jeremiahspick/wp-media-folder-media/wp-content/uploads/2021/09/1-lb-Cookie-Dough.jpg,https://jeremiahspick.com/product/cookie-dough/,,,
12,Flavored-Coffees,Cookie Dough,Medium Roast,Ground,5lb Bag,reference-images/5-lb-blue-orange-bags.jpg,https://s3-us-west-1.amazonaws.com/jeremiahspick/wp-media-folder-media/wp-content/uploads/2021/09/5-lb-blue-orange-bags.jpg,https://jeremiahspick.com/product/cookie-dough/,,,
13,Flavored-Coffees,Cookie Dough,Medium Roast,Whole Bean,10oz Bag,reference-images/10-oz-Premium-Whole-Bean-Cookie-Dough.jpg,https://s3-us-west-1.amazonaws.com/jeremiahspick/wp-media-folder-media/wp-content/uploads/2021/09/10-oz-Premium-Whole-Bean-Cookie-Dough.jpg,https://jeremiahspick.com/product/cookie-dough/,,,
14,Flavored-Coffees,Cookie Dough,Medium Roast,Whole Bean,1lb Bag,reference-images/1-lb-Cookie-Dough.jpg,https://s3-us-west-1.amazonaws.com/jeremiahspick/wp-media-folder-media/wp-content/uploads/2021/09/1-lb-Cookie-Dough.jpg,https://jeremiahspick.com/product/cookie-dough/,,,
15,Flavored-Coffees,Cookie Dough,Medium Roast,Whole Bean,5lb Bag,reference-images/5-lb-blue-orange-bags.jpg,https://s3-us-west-1.amazonaws.com/jeremiahspick/wp-media-folder-media/wp-content/uploads/2021/09/5-lb-blue-orange-bags.jpg,https://jeremiahspick.com/product/cookie-dough/,,,
16,Flavored-Coffees,Hazelnut,Medium Roast,Ground,10oz Bag,reference-images/10-oz-Premium-Ground-Hazelnut.jpg,https://s3-us-west-1.amazonaws.com/jeremiahspick/wp-media-folder-media/wp-content/uploads/2021/09/10-oz-Premium-Ground-Hazelnut.jpg,https://jeremiahspick.com/product/hazelnut/,,,
17,Flavored-Coffees,Hazelnut,Medium Roast,Ground,1lb Bag,reference-images/1-lb-Hazelnut.jpg,https://s3-us-west-1.amazonaws.com/jeremiahspick/wp-media-folder-media/wp-content/uploads/2021/09/1-lb-Hazelnut.jpg,https://jeremiahspick.com/product/hazelnut/,,,
18,Flavored-Coffees,Hazelnut,Medium Roast,Ground,5lb Bag,reference-images/5-lb-blue-orange-bags.jpg,https://s3-us-west-1.amazonaws.com/jeremiahspick/wp-media-folder-media/wp-content/uploads/2021/09/5-lb-blue-orange-bags.jpg,https://jeremiahspick.com/product/hazelnut/,,,
19,Flavored-Coffees,Hazelnut,Medium Roast,Whole Bean,10oz Bag,reference-images/10-oz-Premium-Whole-Bean-Hazelnut.jpg,https://s3-us-west-1.amazonaws.com/jeremiahspick/wp-media-folder-media/wp-content/uploads/2021/09/10-oz-Premium-Whole-Bean-Hazelnut.jpg,https://jeremiahspick.com/product/hazelnut/,,,
20,Flavored-Coffees,Hazelnut,Medium Roast,Whole Bean,1lb Bag,reference-images/1-lb-Hazelnut.jpg,https://s3-us-west-1.amazonaws.com/jeremiahspick/wp-media-folder-media/wp-content/uploads/2021/09/1-lb-Hazelnut.jpg,https://jeremiahspick.com/product/hazelnut/,,,
21,Flavored-Coffees,Hazelnut,Medium Roast,Whole Bean,5lb Bag,reference-images/5-lb-blue-orange-bags.jpg,https://s3-us-west-1.amazonaws.com/jeremiahspick/wp-media-folder-media/wp-content/uploads/2021/09/5-lb-blue-orange-bags.jpg,https://jeremiahspick.com/product/hazelnut/,,,
22,Flavored-Coffees,Kona Macadamia Nut,Medium Roast,Ground,10oz Bag,reference-images/10-oz-Premium-Ground-Kona-Macadamia.jpg,https://s3-us-west-1.amazonaws.com/jeremiahspick/wp-media-folder-media/wp-content/uploads/2021/09/10-oz-Premium-Ground-Kona-Macadamia.jpg,https://jeremiahspick.com/product/kona-macadamia-nut/,,,
23,Flavored-Coffees,Kona Macadamia Nut,Medium Roast,Ground,1lb Bag,reference-images/1-lb-Kona-Macadamia-Nut.jpg,https://s3-us-west-1.amazonaws.com/jeremiahspick/wp-media-folder-media/wp-content/uploads/2021/09/1-lb-Kona-Macadamia-Nut.jpg,https://jeremiahspick.com/product/kona-macadamia-nut/,,,
24,Flavored-Coffees,Kona Macadamia Nut,Medium Roast,Ground,5lb Bag,reference-images/5-lb-blue-orange-bags.jpg,https://s3-us-west-1.amazonaws.com/jeremiahspick/wp-media-folder-media/wp-content/uploads/2021/09/5-lb-blue-orange-bags.jpg,https://jeremiahspick.com/product/kona-macadamia-nut/,,,
25,Flavored-Coffees,Kona Macadamia Nut,Medium Roast,Whole Bean,10oz Bag,reference-images/10-oz-Premium-Whole-Bean-Kona-Macadamia.jpg,https://s3-us-west-1.amazonaws.com/jeremiahspick/wp-media-folder-media/wp-content/uploads/2021/09/10-oz-Premium-Whole-Bean-Kona-Macadamia.jpg,https://jeremiahspick.com/product/kona-macadamia-nut/,,,
26,Flavored-Coffees,Kona Macadamia Nut,Medium Roast,Whole Bean,1lb Bag,reference-images/1-lb-Kona-Macadamia-Nut.jpg,https://s3-us-west-1.amazonaws.com/jeremiahspick/wp-media-folder-media/wp-content/uploads/2021/09/1-lb-Kona-Macadamia-Nut.jpg,https://jeremiahspick.com/product/kona-macadamia-nut/,,,
27,Flavored-Coffees,Kona Macadamia Nut,Medium Roast,Whole Bean,5lb Bag,reference-images/5-lb-blue-orange-bags.jpg,https://s3-us-west-1.amazonaws.com/jeremiahspick/wp-media-folder-media/wp-content/uploads/2021/09/5-lb-blue-orange-bags.jpg,https://jeremiahspick.com/product/kona-macadamia-nut/,,,
28,Flavored-Coffees,Organic Chocatal,Medium Roast,Ground,10oz Bag,reference-images/10-oz-Organic-Chocatal-Ground.jpg,https://s3-us-west-1.amazonaws.com/jeremiahspick/wp-media-folder-media/wp-content/uploads/2021/09/10-oz-Organic-Chocatal-Ground.jpg,https://jeremiahspick.com/product/organic-chocatal/,,,
29,Flavored-Coffees,Organic Chocatal,Medium Roast,Ground,1lb Bag,reference-images/1-lb-Organic-Chocatal.jpg,https://s3-us-west-1.amazonaws.com/jeremiahspick/wp-media-folder-media/wp-content/uploads/2021/09/1-lb-Organic-Chocatal.jpg,https://jeremiahspick.com/product/organic-chocatal/,,,
30,Flavored-Coffees,Organic Chocatal,Medium Roast,Ground,5lb Bag,reference-images/5-lb-blue-orange-bags.jpg,https://s3-us-west-1.amazonaws.com/jeremiahspick/wp-media-folder-media/wp-content/uploads/2021/09/5-lb-blue-orange-bags.jpg,https://jeremiahspick.com/product/organic-chocatal/,,,
31,Flavored-Coffees,Pumpkin Spice,,Ground,10oz Bag,reference-images/10-oz-Premium-Ground-Pumpkin-Spice.jpg,https://s3-us-west-1.amazonaws.com/jeremiahspick/wp-media-folder-media/wp-content/uploads/2019/10/10-oz-Premium-Ground-Pumpkin-Spice.jpg,https://jeremiahspick.com/product/pumpkin-spice/,,,
32,Flavored-Coffees,Pumpkin Spice,,Whole Bean,10oz Bag,reference-images/10-oz-Premium-Whole-Bean-Pumpkin-Spice.jpg,https://s3-us-west-1.amazonaws.com/jeremiahspick/wp-media-folder-media/wp-content/uploads/2019/10/10-oz-Premium-Whole-Bean-Pumpkin-Spice.jpg,https://jeremiahspick.com/product/pumpkin-spice/,,,
33,Flavored-Coffees,Vanilla,Medium Roast,Ground,10oz Bag,reference-images/10-oz-Premium-Ground-French-Vanilla.jpg,https://s3-us-west-1.amazonaws.com/jeremiahspick/wp-media-folder-media/wp-content/uploads/2021/09/10-oz-Premium-Ground-French-Vanilla.jpg,https://jeremiahspick.com/product/vanilla/,,,
34,Flavored-Coffees,Vanilla,Medium Roast,Ground,1lb Bag,reference-images/1-lb-Vanilla.jpg,https://s3-us-west-1.amazonaws.com/jeremiahspick/wp-media-folder-media/wp-content/uploads/2021/09/1-lb-Vanilla.jpg,https://jeremiahspick.com/product/vanilla/,,,
35,Flavored-Coffees,Vanilla,Medium Roast,Ground,5lb Bag,reference-images/5-lb-blue-orange-bags.jpg,https://s3-us-west-1.amazonaws.com/jeremiahspick/wp-media-folder-media/wp-content/uploads/2021/09/5-lb-blue-orange-bags.jpg,https://jeremiahspick.com/product/vanilla/,,,
36,Flavored-Coffees,Vanilla,Medium Roast,Whole Bean,10oz Bag,reference-images/10-oz-Premium-Whole-Bean-French-Vanilla.jpg,https://s3-us-west-1.amazonaws.com/jeremiahspick/wp-media-folder-media/wp-content/uploads/2021/09/10-oz-Premium-Whole-Bean-French-Vanilla.jpg,https://jeremiahspick.com/product/vanilla/,,,
37,Flavored-Coffees,Vanilla,Medium Roast,Whole Bean,1lb Bag,reference-images/1-lb-Vanilla.jpg,https://s3-us-west-1.amazonaws.com/jeremiahspick/wp-media-folder-media/wp-content/uploads/2021/09/1-lb-Vanilla.jpg,https://jeremiahspick.com/product/vanilla/,,,
38,Flavored-Coffees,Vanilla,Medium Roast,Whole Bean,5lb Bag,reference-images/5-lb-blue-orange-bags.jpg,https://s3-us-west-1.amazonaws.com/jeremiahspick/wp-media-folder-media/wp-content/uploads/2021/09/5-lb-blue-orange-bags.jpg,https://jeremiahspick.com/product/vanilla/,,,
,── Pick-of-the-Harvest (12 designs) ──,,,,,,,,,,
1,Pick-of-the-Harvest,Pick of the Harvest: Organic Chanchamayo Peru,,Ground,10 oz. Bag,reference-images/1-lb-Pick-of-the-Harvest-Chanchamayo.jpg,https://s3-us-west-1.amazonaws.com/jeremiahspick/wp-media-folder-media/wp-content/uploads/2018/07/1-lb-Pick-of-the-Harvest-Chanchamayo.jpg,https://jeremiahspick.com/product/organic-chancamayo/,,,
2,Pick-of-the-Harvest,Pick of the Harvest: Organic Chanchamayo Peru,,Ground,1 lb. Bag,reference-images/1-lb-Pick-of-the-Harvest-Chanchamayo.jpg,https://s3-us-west-1.amazonaws.com/jeremiahspick/wp-media-folder-media/wp-content/uploads/2018/07/1-lb-Pick-of-the-Harvest-Chanchamayo.jpg,https://jeremiahspick.com/product/organic-chancamayo/,,,
3,Pick-of-the-Harvest,Pick of the Harvest: Organic Chanchamayo Peru,,Ground,5 lb. Bag,reference-images/1-lb-Pick-of-the-Harvest-Chanchamayo.jpg,https://s3-us-west-1.amazonaws.com/jeremiahspick/wp-media-folder-media/wp-content/uploads/2018/07/1-lb-Pick-of-the-Harvest-Chanchamayo.jpg,https://jeremiahspick.com/product/organic-chancamayo/,,,
4,Pick-of-the-Harvest,Pick of the Harvest: Organic Chanchamayo Peru,,Whole Beans,10 oz. Bag,reference-images/1-lb-Pick-of-the-Harvest-Chanchamayo.jpg,https://s3-us-west-1.amazonaws.com/jeremiahspick/wp-media-folder-media/wp-content/uploads/2018/07/1-lb-Pick-of-the-Harvest-Chanchamayo.jpg,https://jeremiahspick.com/product/organic-chancamayo/,,,
5,Pick-of-the-Harvest,Pick of the Harvest: Organic Chanchamayo Peru,,Whole Beans,1 lb. Bag,reference-images/1-lb-Pick-of-the-Harvest-Chanchamayo.jpg,https://s3-us-west-1.amazonaws.com/jeremiahspick/wp-media-folder-media/wp-content/uploads/2018/07/1-lb-Pick-of-the-Harvest-Chanchamayo.jpg,https://jeremiahspick.com/product/organic-chancamayo/,,,
6,Pick-of-the-Harvest,Pick of the Harvest: Organic Chanchamayo Peru,,Whole Beans,5 lb. Bag,reference-images/1-lb-Pick-of-the-Harvest-Chanchamayo.jpg,https://s3-us-west-1.amazonaws.com/jeremiahspick/wp-media-folder-media/wp-content/uploads/2018/07/1-lb-Pick-of-the-Harvest-Chanchamayo.jpg,https://jeremiahspick.com/product/organic-chancamayo/,,,
7,Pick-of-the-Harvest,Pick of the Harvest: Organic Maria Elena Sol,,Whole Bean,1lb Bag,reference-images/PICK-OF-THE-HARVEST-ORGANIC-MARIA-ELENA-SOL-1-LB.jpg,https://s3-us-west-1.amazonaws.com/jeremiahspick/wp-media-folder-media/wp-content/uploads/2018/07/PICK-OF-THE-HARVEST-ORGANIC-MARIA-ELENA-SOL-1-LB.jpg,https://jeremiahspick.com/product/pick-of-the-harvest-organic-maria-elena-sol/,,,
8,Pick-of-the-Harvest,Pick of the Harvest: Organic San Juan Intibuca,,Whole Bean,1lb Bag,reference-images/1-lb-Pick-of-the-Harvest-San-Juan.jpg,https://s3-us-west-1.amazonaws.com/jeremiahspick/wp-media-folder-media/wp-content/uploads/2021/09/1-lb-Pick-of-the-Harvest-San-Juan.jpg,https://jeremiahspick.com/product/pick-of-the-harvest-organic-san-juan-intibuca/,,,
9,Pick-of-the-Harvest,Pick of the Harvest: Organic Santa Rosa,,Whole Bean,1lb Bag,reference-images/1-lb-Pick-of-the-Harvest-Organic-Santa-Rosa.jpg,https://s3-us-west-1.amazonaws.com/jeremiahspick/wp-media-folder-media/wp-content/uploads/2021/09/1-lb-Pick-of-the-Harvest-Organic-Santa-Rosa.jpg,https://jeremiahspick.com/product/pick-of-the-harvest-organic-santa-rosa/,,,
10,Pick-of-the-Harvest,Pick of the Harvest: Organic Sierra Madre de Chiapas,,Whole Bean,1lb Bag,reference-images/1-lb-Pick-of-the-Harvest-Organic-Sierra-Madre.jpg,https://s3-us-west-1.amazonaws.com/jeremiahspick/wp-media-folder-media/wp-content/uploads/2021/09/1-lb-Pick-of-the-Harvest-Organic-Sierra-Madre.jpg,https://jeremiahspick.com/product/pick-of-the-harvest-organic-sierra-madre/,,,
11,Pick-of-the-Harvest,Pick of the Harvest: Organic Veracruz,,Whole Bean,1lb Bag,reference-images/1-lb-Pick-of-the-Harvest-Organic-Vera-Cruz.jpg,https://s3-us-west-1.amazonaws.com/jeremiahspick/wp-media-folder-media/wp-content/uploads/2021/09/1-lb-Pick-of-the-Harvest-Organic-Vera-Cruz.jpg,https://jeremiahspick.com/product/pick-of-the-harvest-organic-veracruz/,,,
12,Pick-of-the-Harvest,Pick of the Harvest: Organic Vilcabamba,,Whole Bean,1lb Bag,reference-images/1-lb-Pick-of-the-Harvest-Vilcabamba.jpg,https://s3-us-west-1.amazonaws.com/jeremiahspick/wp-media-folder-media/wp-content/uploads/2021/09/1-lb-Pick-of-the-Harvest-Vilcabamba.jpg,https://jeremiahspick.com/product/pick-of-the-harvest-organic-vilcabamba/,,,
